0000014
0000018
0000020
0000026
0000034
0000037
0000039
0000045
0000046
0000048
0000050
0000055
0000058
0000062
0000064
0000067
0000070
0000075
0000079
0000081
0000083
0000091
0000098
0000099
0000102
0000104
0000106
0000107
0000108
0000111
0000114
0000116
0000117
0000119
0000122
0000124
0000130
0000131
0000132
0000133
0000134
0000135
0000140
0000142
0000143
0000145
0000155
0000156
0000164
0000169
0000175
0000176
0000180
0000182
0000184
0000197
0000199
0000200
0000201
0000202
0000204
0000207
0000209
0000212
0000213
0000221
0000224
0000226
0000227
0000229
0000231
0000240
0000246
0000255
0000258
0000273
0000282
0000298
0000299
0000300
0000301
0000310
0000313
0000315
0000322
0000340
0000366
0000367
0000372
0000384
0000389
0000404
0000411
0000415
0000417
0000423
0000432
0000456
0000478
0000479
0000483
0000490
0000492
0000503
0000511
0000514
0000519
0000530
0000535
0000538
0000554
0000558
0000562
0000564
0000581
0000582
0000585
0000588
0000597
0000600
0000607
0000612
0000616
0000617
0000639
0000642
0000644
0000647
0000648
0000649
0000665
0000680
0000683
0000685
0000686
0000688
0000693
0000699
0000700
0000706
0000714
0000716
0000717
0000720
0000721
0000722
0000723
0000724
0000725
0000733
0000740
0000742
0000745
0000748
0000759
0000770
0000777
0000779
0000787
0000800
0000806
0000813
0000819
0000831
0000846
0000848
0000850
0000851
0000855
0000857
0000859
0000873
0000877
0000881
0000882
0000883
0000884
0000897
0000907
0000910
0000911
0000917
0000924
0000932
0000935
0000943
0000944
0000951
0000955
0000959
0000962
0000966
0000967
0000968
0000974
0000977
0000981
0000987
0000990
0001000
0001004
0001016
0001024
0001030
0001036
0001040
0001041
0001046
0001048
0001049
0001051
0001058
0001067
0001073
0001074
0001075
0001076
0001085
0001089
0001090
0001095
0001105
0001108
0001116
0001135
0001138
0001146
0001152
0001155
0001162
0001171
0001173
0001174
0001183
0001187
0001193
0001194
0001196
0001199
0001205
0001210
0001215
0001232
0001262
0001270
0001273
0001278
0001279
0001281
0001293
0001301
0001305
0001307
0001338
0001341
0001347
0001356
0001362
0001363
0001378
0001381
0001388
0001409
0001436
0001447
0001452
0001474
0001479
0001481
0001485
0001487
0001492
0001498
0001542
0001564
0001577
0001581
0001582
0001611
0001625
0001634
0001636
0001640
0001645
0001647
0001648
0001649
0001654
0001679
0001681
0001688
0001698
0001700
0001707
0001709
0001712
0001718
0001721
0001728
0001729
0001740
0001741
0001754
0001761
0001763
0001765
0001771
0001774
0001777
0001780
0001781
0001787
0001791
0001797
0001806
0001809
0001820
0001821
0001849
0001859
0001878
0001896
0001904
0001907
0001911
0001912
0001915
0001925
0001942
0001947
0001949
0001952
0001958
0001960
0001979
0001982
0001985
0002014
0002018
0002020
0002027
0002028
0002030
0002048
0002051
0002056
0002062
0002069
0002070
0002076
0002083
0002084
0002085
0002088
0002089
0002090
0002091
0002097
0002101
0002106
0002109
0002112
0002113
0002119
0002127
0002129
0002130
0002138
0002148
0002157
0002163
0002165
0002185
0002204
0002205
0002224
0002227
0002228
0002236
0002240
0002250
0002261
0002279
0002282
0002293
0002298
0002303
0002305
0002306
0002325
0002328
0002331
0002332
0002335
0002345
0002347
0002353
0002359
0002361
0002363
0002374
0002376
0002394
0002396
0002408
0002419
0002422
0002424
0002428
0002431
0002478
0002481
0002482
0002487
0002506
0002508
0002511
0002523
0002533
0002541
0002557
0002572
0002576
0002586
0002615
0002621
0002623
0002634
0002636
0002638
0002639
0002648
0002652
0002661
0002663
0002664
0002673
0002676
0002683
0002691
0002693
0002699
0002701
0002705
0002720
0002759
0002773
0002780
0002783
0002794
0002799
0002800
0002806
0002849
0002855
0002870
0002872
0002884
0002889
0002907
0002920
0002924
0002938
0002940
0002946
0002970
0002996
0003004
0003012
0003023
0003039
0003043
0003044
0003054
0003060
0003066
0003072
0003083
0003090
0003121
0003125
0003136
0003138
0003146
0003148
0003153
0003159
0003161
0003180
0003185
0003187
0003202
0003215
0003217
0003229
0003244
0003248
0003266
0003284
0003295
0003302
0003306
0003307
0003309
0003312
0003332
0003338
0003347
0003363
0003377
0003382
0003388
0003409
0003419
0003431
0003432
0003434
0003463
0003465
0003468
0003469
0003470
0003471
0003475
0003485
0003489
0003497
0003501
0003503
0003505
0003526
0003540
0003550
0003551
0003552
0003556
0003561
0003569
0003576
0003579
0003585
0003606
0003612
0003625
0003629
0003637
0003638
0003640
0003644
0003648
0003651
0003659
0003691
0003700
0003710
0003712
0003721
0003722
0003740
0003744
0003746
0003749
0003753
0003765
0003785
0003787
0003797
0003803
0003806
0003812
0003822
0003829
0003838
0003843
0003847
0003861
0003865
0003871
0003879
0003881
0003890
0003906
0003929
0003932
0003935
0003939
0003950
0003956
0003968
0004037
0004041
0004148
0004149
0004162
0004189
0004204
0004239
0004256
0004267
0004283
0004285
0004288
0004289
0004290
0004299
0004300
0004302
0004303
0004325
0004339
0004340
0004350
0004352
0004362
0004364
0004368
0004372
0004380
0004389
0004391
0004392
0004394
0004408
0004409
0004423
0004424
0004425
0004428
0004432
0004452
0004456
0004468
0004475
0004481
0004505
0004525
0004530
0004536
0004543
0004545
0004551
0004552
0004596
0004598
0004616
0004618
0004625
0004631
0004638
0004645
0004669
0004680
0004684
0004692
0004736
0004746
0004747
0004751
0004752
0004767
0004801
0004815
0004843
0004845
0004854
0004861
0004865
0004868
0004881
0004882
0004906
0004911
0004930
0004934
0004964
0004980
0004983
0004999
0005016
0005023
0005031
0005033
0005037
0005038
0005040
0005042
0005059
0005074
0005082
0005085
0005089
0005092
0005105
0005110
0007950
0007958
0007962
0007964
0007967
0007972
0007976
0007981
0007982
0007985
0007987
0007990
0007992
0007993
0007995
0008001
0008005
0008006
0008007
0008008
0008009
0008011
0008013
0008014
0008018
0008020
0008021
0008025
0008026
0008030
0008038
0008040
0008043
0008044
0008046
0008047
0008061
0008063
0008066
0008071
0008072
0008073
0008076
0008081
0008085
0008088
0008089
0008091
0008092
0008097
0008107
0008109
0008111
0008113
0008114
0008118
0008127
0008133
0008137
0008138
0008146
0008148
0008155
0008157
0008158
0008159
0008161
0008164
0008166
0008174
0008175
0008176
0008181
0008184
0008191
0008198
0008199
0008204
0008205
0008208
0008211
0008214
0008216
0008217
0008222
0008223
0008225
0008232
0008233
0008237
0008246
0008261
0008265
0008266
0008267
0008269
0008270
0008278
0008292
0008293
0008297
0008301
0008302
0008305
0008311
0008319
0008320
0008321
0008322
0008325
0008328
0008330
0008331
0008335
0008338
0008346
0008347
0008348
0008349
0008350
0008352
0008354
0008370
0008371
0008373
0008375
0008382
0008383
0008390
0008393
0008396
0008399
0008400
0008401
0008403
0008410
0008413
0008414
0008416
0008417
0008437
0008441
0008443
0008444
0008446
0008448
0008450
0008451
0008453
0008456
0008458
0008466
0008470
0008474
0008477
0008478
0008479
0008480
0008486
0008487
0008502
0008506
0008509
0008516
0008521
0008527
0008535
0008537
0008540
0008541
0008545
0008546
0008550
0008551
0008556
0008557
0008561
0008562
0008566
0008569
0008570
0008575
0008581
0008582
0008588
0008592
0008594
0008601
0008607
0008608
0008611
0008615
0008617
0008625
0008630
0008631
0008641
0008642
0008643
0008645
0008646
0008649
0008650
0008651
0008654
0008656
0008658
0008663
0008666
0008670
0008676
0008680
0008682
0008683
0008684
0008687
0008689
0008692
0008693
0008694
0008698
0008700
0008701
0008704
0008706
0008709
0008710
0008715
0008721
0008722
0008729
0008730
0008731
0008732
0008737
0008738
0008739
0008741
0008747
0008748
0008751
0008757
0008759
0008760
0008762
0008766
0008767
0008772
0008778
0008779
0008781
0008782
0008783
0008784
0008792
0008794
0008798
0008799
0008812
0008816
0008819
0008822
0008824
0008827
0008828
0008829
0008830
0008832
0008833
0008836
0008838
0008841
0008842
0008845
0008850
0008853
0008858
0008859
0008862
0008868
0008870
0008873
0008887
0008890
0008892
0008894
0008895
0008897
0008899
0009002
0009004
0009005
0009006
0009010
0009018
0009020
0009021
0009029
0009034
0009035
0009042
0009044
0009045
0009047
0009049
0009050
0009051
0009058
0009060
0009062
0009063
0009068
0009070
0009074
0009076
0009079
0009084
0009085
0009093
0009098
0009102
0009105
0009107
0009113
0009114
0009115
0009119
0009120
0009124
0009125
0009128
0009133
0009134
0009140
0009141
0009142
0009143
0009146
0009153
0009159
0009161
0009162
0009170
0009178
0009183
0009192
0009193
0009195
0009196
0009210
0009213
0009217
0009231
0009235
0009244
0009255
0009263
0009267
0009268
0009269
0009270
0009272
0009278
0009283
0009299
0009311
0009315
0009316
0009322
0009325
0009331
0009342
0009344
0009345
0009348
0009354
0009360
0009364
0009366
0009368
0009371
0009372
0009375
0009376
0009377
0009380
0009389
0009392
0009398
0009402
0009403
0009405
0009407
0009408
0009409
0009419
0009420
0009426
0009427
0009428
0009430
0009431
0009433
0009446
0009454
0009459
0009461
0009464
0009465
0009467
0009471
0009476
0009480
0009483
0009484
0009489
0009490
0009494
0009497
0009498
0009501
0009503
0009507
0009514
0009516
0009517
0009521
0009526
0009528
0009530
0009534
0009538
0009541
0009542
0009543
0009546
0009547
0009551
0009552
0009553
0009554
0009555
0009563
0009566
0009572
0009574
0009576
0009577
0009581
0009586
0009589
0009592
0009596
0009597
0009600
0009601
0009602
0009603
0009604
0009605
0009606
0009607
0009610
0009613
0009617
0009618
0009627
0009630
0009638
0009639
0009642
0009643
0009649
0009651
0009652
0009654
0009659
0009664
0009667
0009671
0009672
0009675
0009678
0009681
0009697
0009701
0009702
0009703
0009707
0009711
0009718
0009719
0009720
0009722
0009725
0009727
0009728
0009732
0009736
0009737
0009739
0009742
0009744
0009752
0009754
0009756
0009758
0009761
0009764
0009765
0009771
0009775
0009786
0009787
0009795
0009796
0009798
0009801
0009811
0009812
0009814
0009818
0009820
0009821
0009823
0009827
0009841
0009843
0009845
0009847
0009850
0009851
0009852
0009857
0009858
0009860
0009861
0009863
0009864
0009870
0009881
0009891
0009893
0009894
0009896
0009899
0009906
0009907
0009912
0009913
0009914
0009916
0009917
0009925
0009928
0009930
0009933
0009941
0009946
0009947
0009948
0009949
0009950
0009958
0009959
0009964
0009968
0009973
0009976
0009977
0009980
0009982
0009984
0009987
0009988
0009995
0009999
0010000
0010004
0010010
0010012
0010026
0010027
0010029
0010030
0010033
0010034
0010036
0010041
0010048
0010049
0010051
0010052
0010053
0010058
0010059
0010063
0010064
0010066
0010068
0010069
0010070
0010074
0010080
0010083
0010084
0010092
0010093
0010099
0010101
0010110
0010111
0010115
0010116
0010117
0010122
0010123
0010124
0010132
0010135
0010137
0010138
0010141
0010147
0010148
0010151
0010153
0010155
0010173
0010180
0010181
0010183
0010190
0010191
0010193
0010198
0010200
0010203
0010206
0010213
0010218
0010221
0010227
0010232
0010234
0010240
0010252
0010264
0010269
0010270
0010275
0010280
0010281
0010288
0010291
0010298
0010302
0010303
0010304
0010308
0010310
0010313
0010315
0010316
0010321
0010324
0010326
0010338
0010341
0010343
0010352
0010355
0010356
0010359
0010361
0010364
0010366
0010367
0010369
0010374
0010375
0010380
0010390
0010391
0010393
0010396
0010404
0010406
0010407
0010411
0010412
0010414
0010417
0010418
0010424
0010429
0010430
0010434
0010442
0010444
0010445
0010450
0010458
0010459
0010460
0010464
0010465
0010466
0010467
0010469
0010473
0010477
0010478
0010488
0010495
0010498
0010499
0010501
0010503
0010511
0010518
0010519
0010520
0010521
0010526
0010527
0010533
0010535
0010539
0010545
0010549
0010552
0010558
0010560
0010567
0010568
0010570
0010585
0010587
0010588
0010589
0010590
0010591
0010596
0010609
0010610
0010611
0010615
0010617
0010619
0010620
0010621
0010624
0010627
0010640
0010645
0010650
0010654
0010655
0010661
0010662
0010663
0010673
0010686
0010689
0010694
0010705
0010709
0010712
0010713
0010719
0010720
0010721
0010722
0010732
0010736
0010737
0010743
0010746
0010747
0010748
0010750
0010755
0010758
0010759
0010760
0010768
0010770
0010772
0010777
0010779
0010781
0010783
0010785
0010791
0010798
0010800
0010801
0010814
0010817
0010822
0010826
0010828
0010829
0010833
0010834
0010836
0010837
0010839
0010844
0010846
0010847
0010848
0010850
0010851
0010853
0010854
0010855
0010859
0010860
0010862
0010865
0010866
0010868
0010878
0010880
0010881
0010882
0010887
0010888
0010889
0010892
0010893
0010897
0010900
0010903
0010904
0010908
0010910
0010913
0010915
0010916
0010923
0010924
0010930
0010944
0010948
0010949
0010951
0010956
0010960
0010961
0010963
0010964
0010965
0010967
0010970
0010973
0010976
0010978
0010980
0010982
0010983
0010986
0010987
0010989
0010990
0010994
0010995
0010998
0011001
0011002
0011014
0011019
0011020
0011023
0011025
0011026
0011031
0011043
0011044
0011045
0011046
0011053
0011057
0011062
0011066
0011070
0011071
0011074
0011078
0011079
0011080
0011085
0011094
0011096
0011097
0011098
0011102
0011103
0011104
0011105
0011110
0011111
0011114
0011115
0011116
0011117
0011119
0011121
0011130
0011131
0011132
0011135
0011139
0011141
0011146
0011149
0011150
0011155
0011156
0011164
0011166
0011168
0011170
0011174
0011175
0011176
0011178
0011181
0011182
0011184
0011185
0011187
0011194
0011196
0011200
0011209
0011210
0011215
0011219
0011220
0011230
0011232
0011236
0011238
0011241
0011246
0011251
0011252
0011253
0011254
0011257
0011269
0011270
0011271
0011274
0011280
0011281
0011287
0011291
0011292
0011296
0011304
0011307
0011312
0011316
0011317
0011320
0011322
0011328
0011329
0011331
0011337
0011343
0011344
0011345
0011348
0011349
0011350
0011353
0011358
0011366
0011367
0011368
0011369
0011370
0011373
0011375
0011380
0011382
0011384
0011385
0011386
0011388
0011389
0011390
0011392
0011393
0011397
0011398
0011401
0011402
0011406
0011407
0011409
0011410
0011412
0011413
0011414
0011419
0011423
0011425
0011427
0011428
0011436
0011441
0011444
0011447
0011449
0011451
0011455
0011456
0011459
0011462
0011475
0011479
0011481
0011485
0011487
0011488
0011495
0011496
0011498
0011503
0011504
0011505
0011506
0011507
0011508
0011512
0011524
0011526
0011528
0011538
0011540
0011542
0011547
0011548
0011549
0011553
0011554
0011559
0011563
0011571
0011576
0011577
0011583
0011585
0011586
0011588
0011591
0011595
0011598
0011602
0011603
0011604
0011606
0011608
0011609
0011612
0011613
0011614
0011616
0011618
0011619
0011622
0011630
0011632
0011633
0011634
0011638
0011647
0011653
0011655
0011658
0011659
0011660
0011662
0011667
0011668
0011670
0011673
0011675
0011676
0011682
0011685
0011687
0011689
0011691
0011694
0011703
0011705
0011706
0011712
0011716
0011718
0011719
0011722
0011725
0011730
0011731
0011732
0011738
0011740
0011741
0011744
0011748
0011751
0011754
0011763
0011764
0011766
0011767
0011779
0011782
0011789
0011792
0011793
0011794
0011795
0011798
0011799
0011801
0011803
0011805
0011806
0011807
0011810
0011812
0011818
0011823
0011824
0011825
0011833
0011835
0011836
0011841
0011842
0011844
0011845
0011847
0011848
0011851
0011858
0011860
0011863
0011872
0011873
0011878
0011881
0011884
0011885
0011889
0011892
0011894
0011895
0011896
0011899
0011902
0011906
0011908
0011911
0011919
0011921
0011923
0011925
0011926
0011928
0011935
0011940
0011949
0011961
0011964
0011965
0011966
0011973
0011974
0011976
0011985
0011992
0011996
0012000
0012001
0012005
0012010
0012014
0012016
0012021
0012023
0012024
0012025
0012026
0012030
0012031
0012033
0012036
0012038
0012043
0012047
0012059
0012061
0012062
0012065
0012067
0012068
0012069
0012070
0012073
0012075
0012076
0012077
0012078
0012079
0012081
0012082
0012083
0012084
0012086
0012089
0012091
0012093
0012105
0012106
0012110
0012116
0012121
0012123
0012125
0012130
0012138
0012140
0012144
0012154
0012162
0012169
0012170
0012177
0012182
0012184
0012187
0012197
0012199
0012209
0012215
0012216
0012217
0012218
0012224
0012225
0012229
0012232
0012233
0012234
0012235
0012247
0012249
0012253
0012257
0012261
0012263
0012270
0012275
0012276
0012280
0012283
0012285
0012288
0012289
0012290
0012291
0012292
0012299
0012300
0012318
0012324
0012331
0012337
0012339
0012344
0012349
0012351
0012354
0012356
0012357
0012359
0012363
0012365
0012369
0012372
0012375
0012382
0012390
0012392
0012395
0012396
0012399
0012400
0012402
0012414
0012416
0012421
0012423
0012425
0012426
0012432
0012434
0012437
0012439
0012440
0012443
0012447
0012455
0012457
0012461
0012463
0012464
0012467
0012470
0012484
0012486
0012487
0012488
0012490
0012491
0012492
0012507
0012508
0012513
0012516
0012519
0012525
0012529
0012535
0012536
0012537
0012540
0012541
0012544
0012545
0012546
0012548
0012551
0012559
0012565
0012570
0012571
0012576
0012577
0012585
0012586
0012588
0012589
0012590
0012591
0012592
0012598
0012609
0012611
0012617
0012620
0012621
0012623
0012629
0012631
0012638
0012643
0012648
0012651
0012654
0012655
0012660
0012661
0012666
0012667
0012671
0012675
0012676
0012678
0012682
0012685
0012690
0012692
0012693
0012694
0012696
0012699
0012706
0012707
0012708
0012712
0012713
0012717
0012719
0012720
0012726
0012727
0012729
0012731
0012739
0012741
0012744
0012745
0012748
0012750
0012759
0012760
0012762
0012765
0012770
0012774
0012776
0012777
0012782
0012783
0012786
0012787
0012791
0012792
0012796
0012800
0012809
0012812
0012813
0012815
0012818
0012819
0012821
0012823
0012824
0012827
0012831
0012834
0012836
0012837
0012838
0012842
0012843
0012851
0012852
0012856
0012858
0012861
0012862
0012864
0012865
0012866
0012872
0012884
0012885
0012903
0012904
0012906
0012908
0012911
0012912
0012913
0012920
0012928
0012937
0012941
0012944
0012945
0012948
0012954
0012957
0012958
0012960
0012965
0012969
0012971
0012976
0012979
0012981
0012982
0012984
0012985
0012987
0012988
0012990
0012991
0013005
0013006
0013007
0013009
0013017
0013021
0013022
0013026
0013028
0013038
0013039
0013042
0013044
0013049
0013051
0013052
0013053
0013055
0013056
0013057
0013059
0013060
0013063
0013064
0013065
0013067
0013069
0013071
0013072
0013082
0013084
0013089
0013090
0013093
0013094
0013100
0013105
0013107
0013109
0013110
0013113
0013114
0013122
0013126
0013137
0013138
0013141
0013144
0013147
0013152
0013153
0013155
0013157
0013159
0013164
0013165
0013171
0013177
0013180
0013192
0013194
0013199
0013200
0013203
0013204
0013207
0013211
0013212
0013220
0013221
0013223
0013228
0013230
0013231
0013244
0013247
0013252
0013255
0013257
0013258
0013259
0013260
0013261
0013267
0013281
0013284
0013285
0013290
0013297
0013298
0013301
0013304
0013305
0013308
0013310
0013311
0013320
0013322
0013323
0013324
0013325
0013328
0013332
0013333
0013334
0013354
0013355
0013356
0013358
0013361
0013362
0013366
0013369
0013370
0013379
0013381
0013382
0013385
0013386
0013388
0013390
0013393
0013394
0013397
0013408
0013412
0013413
0013414
0013418
0013420
0013423
0013424
0013426
0013433
0013435
0013439
0013447
0013462
0013463
0013473
0013476
0013477
0013481
0013483
0013486
0013489
0013491
0013492
0013496
0013497
0013499
0013500
0013503
0013504
0013505
0013518
0013520
0013521
0013522
0013523
0013526
0013528
0013529
0013531
0013533
0013534
0013551
0013553
0013554
0013555
0013557
0013562
0013563
0013567
0013569
0013571
0013579
0013580
0013583
0013586
0013594
0013595
0013601
0013603
0013606
0013614
0013615
0013617
0013621
0013630
0013633
0013644
0013649
0013656
0013660
0013661
0013665
0013673
0013675
0013676
0013677
0013679
0013680
0013683
0013684
0013694
0013696
0013697
0013702
0013704
0013707
0013715
0013718
0013719
0013720
0013721
0013723
0013725
0013727
0013729
0013731
0013733
0013735
0013738
0013746
0013750
0013752
0013757
0013761
0013764
0013765
0013772
0013774
0013776
0013777
0013778
0013779
0013780
0013782
0013783
0013787
0013798
0013799
0013802
0013805
0013806
0013810
0013811
0013814
0013820
0013823
0013827
0013828
0013831
0013836
0013841
0013843
0013846
0013849
0013850
0013851
0013853
0013860
0013861
0013871
0013872
0013880
0013881
0013882
0013883
0013884
0013885
0013886
0013888
0013890
0013895
0013897
0013900
0013905
0013907
0013908
0013917
0013920
0013923
0013926
0013931
0013932
0013933
0013934
0013935
0013940
0013943
0013957
0013960
0013966
0013968
0013971
0013974
0013978
0013986
0013989
0013992
0013997
0013998
0013999
0014005
0014006
0014009
0014012
0014014
0014016
0014022
0014027
0014038
0014044
0014046
0014049
0014050
0014055
0014058
0014062
0014066
0014067
0014068
0014070
0014075
0014077
0014079
0014084
0014089
0014092
0014093
0014095
0014100
0014103
0014106
0014109
0014113
0014117
0014118
0014120
0014121
0014128
0014131
0014135
0014139
0014140
0014141
0014144
0014146
0014147
0014148
0014151
0014154
0014155
0014156
0014157
0014160
0014163
0014164
0014165
0014169
0014170
0014171
0014174
0014177
0014180
0014181
0014182
0014185
0014186
0014190
0014191
0014196
0014201
0014202
0014203
0014212
0014215
0014219
0014224
0014225
0014228
0014229
0014231
0014234
0014236
0014237
0014238
0014240
0014243
0014244
0014246
0014252
0014253
0014261
0014263
0014264
0014265
0014266
0014269
0014280
0014281
0014283
0014284
0014288
0014289
0014290
0014296
0014297
0014298
0014304
0014310
0014313
0014314
0014315
0014316
0014321
0014324
0014331
0014334
0014342
0014343
0014350
0014352
0014353
0014354
0014362
0014363
0014368
0014370
0014371
0014372
0014373
0014374
0014381
0014384
0014385
0014392
0014394
0014396
0014397
0014399
0014402
0014403
0014404
0014409
0014419
0014430
0014435
0014443
0014445
0014446
0014447
0014464
0014466
0014472
0014475
0014478
0014482
0014484
0014486
0014488
0014499
0014503
0014504
0014507
0014508
0014509
0014512
0014514
0014517
0014518
0014519
0014527
0014529
0014535
0014546
0014548
0014554
0014559
0014563
0014565
0014567
0014571
0014572
0014574
0014576
0014577
0014578
0014580
0014585
0014586
0014588
0014589
0014593
0014596
0014597
0014600
0014601
0014612
0014613
0014614
0014616
0014618
0014619
0014621
0014622
0014627
0014628
0014634
0014635
0014637
0014638
0014640
0014641
0014642
0014643
0014648
0014653
0014658
0014659
0014662
0014663
0014666
0014668
0014671
0014672
0014673
0014682
0014683
0014684
0014686
0014691
0014693
0014694
0014696
0014697
0014699
0014704
0014707
0014709
0014711
0014713
0014718
0014723
0014726
0014727
0014730
0014733
0014734
0014739
0014740
0014743
0014747
0014748
0014749
0014752
0014754
0014758
0014763
0014765
0014767
0014776
0014778
0014779
0014785
0014790
0014792
0014794
0014798
0014803
0014805
0014807
0014808
0014809
0014812
0014822
0014825
0014826
0014839
0014842
0014844
0014847
0014848
0014849
0014850
0014852
0014853
0014855
0014857
0014859
0014860
0014867
0014872
0014873
0014883
0014885
0014892
0014893
0014897
0014907
0014910
0014913
0014916
0014917
0014919
0014920
0014928
0014932
0014933
0014935
0014936
0014941
0014942
0014943
0014947
0014952
0014957
0014958
0014960
0014970
0014974
0014976
0014979
0014982
0014988
0014995
0015004
0015005
0015006
0015009
0015022
0015023
0015025
0015027
0015043
0015047
0015062
0015075
0015078
0015082
0015088
0015089
0015094
0015097
0015100
0015101
0015104
0015107
0015108
0015111
0015115
0015119
0015124
0015128
0015135
0015142
0015147
0015148
0015150
0015151
0015154
0015160
0015161
0015163
0015165
0015166
0015167
0015171
0015172
0015176
0015179
0015182
0015186
0015191
0015193
0015199
0015202
0015204
0015206
0015207
0015214
0015216
0015218
0015221
0015223
0015235
0015236
0015237
0015238
0015241
0015245
0015246
0015248
0015251
0015257
0015259
0015262
0015263
0015271
0015275
0015276
0015280
0015281
0015284
0015298
0015299
0015301
0015304
0015305
0015311
0015316
0015319
0015324
0015325
0015326
0015327
0015329
0015342
0015345
0015348
0015351
0015354
0015358
0015361
0015367
0015370
0015372
0015374
0015378
0015381
0015383
0015387
0015388
0015391
0015394
0015399
0015401
0015407
0015409
0015410
0015411
0015413
0015415
0015418
0015419
0015423
0015432
0015433
0015436
0015438
0015444
0015447
0015450
0015459
0015462
0015469
0015472
0015473
0015477
0015479
0015480
0015485
0015486
0015488
0015490
0015491
0015497
0015498
0015499
0015504
0015505
0015506
0015507
0015509
0015513
0015514
0015518
0015519
0015520
0015525
0015527
0015529
0015536
0015538
0015539
0015541
0015546
0015553
0015554
0015573
0015581
0015597
0015598
0015602
0015603
0015606
0015608
0015609
0015611
0015616
0015624
0015627
0015633
0015637
0015638
0015648
0015653
0015654
0015659
0015660
0015664
0015665
0015666
0015668
0015669
0015671
0015672
0015675
0015676
0015677
0015682
0015684
0015691
0015695
0015700
0015703
0015704
0015706
0015707
0015714
0015719
0015720
0015728
0015732
0015733
0015735
0015737
0015738
0015741
0015744
0015745
0015746
0015748
0015749
0015750
0015753
0015758
0015761
0015767
0015771
0015772
0015774
0015778
0015779
0015780
0015782
0015786
0015787
0015788
0015791
0015796
0015801
0015807
0015811
0015814
0015817
0015818
0015823
0015826
0015830
0015832
0015837
0015840
0015841
0015845
0015847
0015848
0015850
0015852
0015855
0015861
0015863
0015864
0015870
0015871
0015873
0015874
0015877
0015879
0015883
0015886
0015887
0015889
0015891
0015894
0015896
0015899
0015900
0015901
0015902
0015908
0015909
0015911
0015912
0015913
0015915
0015919
0015922
0015924
0015925
0015927
0015931
0015934
0015936
0015939
0015943
0015944
0015948
0015952
0015953
0015955
0015957
0015958
0015961
0015966
0015968
0015975
0015979
0015980
0015982
0015983
0015993
0015994
0015996
0015998
0016000
0016001
0016005
0016007
0016008
0016010
0016011
0016013
0016014
0016015
0016024
0016025
0016030
0016031
0016032
0016036
0016038
0016039
0016044
0016048
0016051
0016052
0016053
0016057
0016059
0016066
0016072
0016073
0016074
0016078
0016089
0016096
0016098
0016101
0016102
0016103
0016106
0016109
0016111
0016112
0016113
0016117
0016119
0016129
0016131
0016140
0016142
0016143
0016147
0016150
0016152
0016155
0016157
0016158
0016163
0016172
0016173
0016179
0016185
0016188
0016198
0016199
0016200
0016201
0016204
0016205
0016207
0016215
0016216
0016221
0016224
0016227
0016229
0016231
0016233
0016239
0016243
0016246
0016248
0016250
0016253
0016254
0016255
0016256
0016258
0016259
0016260
0016262
0016263
0016267
0016270
0016273
0016277
0016280
0016281
0016282
0016285
0016293
0016297
0016301
0016303
0016309
0016311
0016312
0016313
0016318
0016323
0016325
0016326
0016330
0016333
0016341
0016342
0016345
0016347
0016349
0016358
0016359
0016363
0016364
0016370
0016374
0016376
0016383
0016384
0016387
0016389
0016391
0016396
0016397
0016398
0016399
0016402
0016404
0016412
0016413
0016415
0016419
0016424
0016425
0016428
0016431
0016437
0016439
0016440
0016444
0016446
0016447
0016450
0016456
0016461
0016462
0016464
0016465
0016472
0016476
0016485
0016490
0016492
0016493
0016499
0016502
0016506
0016510
0016516
0016518
0016519
0016521
0016527
0016529
0016534
0016539
0016548
0016551
0016555
0016560
0016563
0016564
0016567
0016572
0016573
0016577
0016578
0016585
0016592
0016594
0016595
0016596
0016597
0016598
0016599
0016605
0016607
0016621
0016622
0016632
0016633
0016666
0016669
0016671
0016677
0016680
0016683
0016684
0016687
0016689
0016690
0016692
0016701
0016707
0016715
0016720
0016728
0016729
0016730
0016731
0016733
0016741
0016742
0016743
0016745
0016749
0016750
0016751
0016754
0016756
0016758
0016760
0016763
0016765
0016766
0016767
0016769
0016772
0016773
0016779
0016780
0016783
0016785
0016797
0016799
0016803
0016805
0016806
0016809
0016812
0016815
0016817
0016819
0016820
0016824
0016826
0016829
0016831
0016832
0016834
0016836
0016837
0016840
0016842
0016844
0016851
0016854
0016856
0016857
0016861
0016868
0016870
0016877
0016878
0016882
0016886
0016893
0016898
0016906
0016908
0016909
0016910
0016913
0016914
0016915
0016916
0016918
0016922
0016925
0016928
0016931
0016933
0016936
0016937
0016938
0016939
0016945
0016948
0016951
0016952
0016960
0016964
0016969
0016972
0016976
0016980
0016983
0016985
0016987
0016988
0016989
0016991
0016992
0016994
0016999
0017002
0017005
0017011
0017012
0017013
0017015
0017017
0017028
0017038
0017049
0017054
0017057
0017058
0017063
0017068
0017073
0017074
0017079
0017090
0017091
0017092
0017100
0017101
0017108
0017112
0017113
0017114
0017117
0017120
0017121
0017123
0017125
0017127
0017130
0017131
0017132
0017135
0017136
0017137
0017141
0017143
0017145
0017148
0017155
0017158
0017164
0017172
0017174
0017176
0017188
0017190
0017191
0017195
0017200
0017201
0017205
0017207
0017209
0017215
0017216
0017218
0017220
0017225
0017229
0017235
0017237
0017238
0017240
0017242
0017246
0017247
0017252
0017253
0017260
0017266
0017272
0017275
0017276
0017278
0017279
0017282
0017286
0017289
0017300
0017302
0017305
0017308
0017312
0017314
0017322
0017323
0017324
0017326
0017328
0017330
0017336
0017337
0017339
0017340
0017343
0017346
0017350
0017352
0017353
0017355
0017357
0017358
0017359
0017366
0017367
0017368
0017371
0017372
0017379
0017380
0017381
0017382
0017385
0017387
0017389
0017396
0017398
0017405
0017411
0017413
0017416
0017417
0017418
0017419
0017420
0017422
0017424
0017427
0017433
0017435
0017441
0017446
0017447
0017452
0017460
0017461
0017465
0017468
0017469
0017471
0017472
0017473
0017474
0017475
0017476
0017478
0017479
0017492
0017497
0017512
0017520
0017528
0017541
0017550
0017551
0017555
0017568
0017570
0017582
0017583
0017587
0017614
0017617
0017633
0017636
0017647
0017651
0017661
0017695
0017703
0017725
0017727
0017746
0017747
0017767
0017776
0017781
0017795
0017798
0017806
0017808
0017811
0017812
0017828
0017833
0017848
0017852
0017857
0017867
0017896
0017899
0017900
0017953
0017956
0017959
0017966
0017979
0017983
0017992
0018006
0018009
0018015
0018018
0018026
0018028
0018030
0018032
0018038
0018041
0018052
0018075
0018087
0018088
0018092
0018120
0018131
0018158
0018188
0018202
0018204
0018210
0018227
0018233
0018248
0018258
0018259
0018261
0018273
0018275
0018286
0018300
0018327
0018342
0018353
0018357
0018362
0018365
0018369
0018374
0018375
0018399
0018404
0018411
0018418
0018428
0018434
0018438
0018443
0018447
0018452
0018454
0018478
0018486
0018487
0018489
0018490
0018528
0018530
0018533
0018540
0018541
0018557
0018575
0018587
0018595
0018597
0018599
0018602
0018605
0018612
0018630
0018631
0018632
0018634
0018650
0018675
0018681
0018703
0018705
0018731
0018736
0018737
0018738
0018741
0018742
0018744
0018748
0018749
0018753
0018756
0018760
0018763
0018764
0018768
0018777
0018816
0018818
0018825
0018839
0018847
0018868
0018870
0018871
0018886
0018901
0018943
0018944
0018949
0018957
0018966
0018973
0019031
0019034
0019045
0019067
0019079
0019085
0019098
0019099
0019108
0019128
0019132
0019144
0019145
0019151
0019154
0019157
0019160
0019169
0019181
0019183
0019185
0019192
0019209
0019210
0019258
0019269
0019272
0019273
0019277
0019292
0019295
0019307
0019321
0019333
0019346
0019353
0019356
0019357
0019360
0019368
0019376
0019380
0019386
0019393
0019397
0019400
0019404
0019405
0019407
0019418
0019434
0019435
0019437
0019455
0019459
0019476
0019498
0019515
0019518
0019524
0019525
0019532
0019578
0019587
0019590
0019594
0019627
0019629
0019630
0019635
0019644
0019645
0019664
0019673
0019675
0019693
0019739
0019741
0019766
0019789
0019795
0019803
0019805
0019812
0019846
0019851
0019871
0019935
0019940
0019948
0019949
0019953
0019954
0019955
0019963
0019966
0019968
0019975
0019980
0019989
0019996
0020005
0020025
0020052
0020062
0020084
0020111
0020117
0020118
0020120
0020122
0020133
0020137
0020138
0020142
0020149
0020152
0020155
0020171
0020174
0020177
0020229
0020244
0020292
0020313
0020314
0020320
0020331
0020398
0020402
0020403
0020405
0020412
0020423
0020425
0020442
0020447
0020455
0020465
0020473
0020490
0020495
0020496
0020498
0020503
0020525
0020533
0020545
0020550
0020552
0020560
0020562
0020586
0020589
0020592
0020597
0020601
0020615
0020620
0020628
0020632
0020633
0020635
0020651
0020654
0020660
0020690
0020691
0020697
0020699
0020701
0020706
0020711
0020712
0020714
0020720
0020727
0020734
0020750
0020751
0020760
0020768
0020777
0020785
0020796
0020800
0020801
0020807
0020812
0020828
0020839
0020844
0020845
0020846
0020849
0020850
0020851
0020863
0020868
0020882
0020888
0020890
0020895
0020904
0020909
0020926
0020930
0020932
0020933
0020951
0020958
0020960
0020979
0020981
0020985
0020993
0020999
0021004
0021014
0021015
0021020
0021024
0021027
0021035
0021040
0021044
0021050
0021056
0021058
0021060
0021065
0021070
0021075
0021076
0021089
0021090
0021091
0021098
0021099
0021101
0021107
0021119
0021127
0021131
0021141
0021142
0021163
0021169
0021176
0021177
0021180
0021181
0021193
0021194
0021198
0021204
0021216
0021223
0021228
0021243
0021244
0021245
0021256
0021270
0021276
0021286
0021292
0021296
0021297
0021310
0021311
0021320
0021333
0021334
0021336
0021341
0021348
0021354
0021357
0021358
0021366
0021376
0021390
0021402
0021412
0021418
0021425
0021452
0021463
0021467
0021487
0021488
0021489
0021490
0021494
0021501
0021508
0021513
0021516
0021519
0021526
0021559
0021561
0021571
0021575
0021580
0021618
0021619
0021651
0021656
0021662
0021669
0021670
0021676
0021686
0021689
0021696
0021697
0021700
0021708
0021717
0021719
0021725
0021743
0021745
0021749
0021750
0021756
0021784
0021791
0021795
0021796
0021805
0021820
0021822
0021823
0021833
0021835
0021841
0021847
0021862
0021863
0021875
0021904
0021906
0021909
0021926
0021927
0021928
0021950
0021956
0021971
0021973
0021976
0021982
0021991
0021996
0021997
0022001
0022002
0022011
0022041
0022044
0022050
0022089
0022101
0022105
0022106
0022116
0022117
0022124
0022125
0022129
0022132
0022138
0022150
0022168
0022187
0022198
0022205
0022236
0022237
0022241
0022246
0022251
0022260
0022265
0022276
0022282
0022292
0022308
0022335
0022339
0022354
0022370
0022372
0022379
0022381
0022388
0022395
0022396
0022403
0022406
0022412
0022420
0022428
0022429
0022447
0022450
0022451
0022454
0022465
0022475
0022477
0022486
0022495
0022503
0022506
0022513
0022518
0022540
0022550
0022559
0022570
0022580
0022581
0022584
0022588
0022593
0022596
0022598
0022608
0022610
0022614
0022615
0022620
0022622
0022628
0022642
0022643
0022644
0022647
0022649
0022650
0022652
0022658
0022661
0022675
0022681
0022689
0022690
0022692
0022697
0022702
0022705
0022713
0022715
0022716
0022723
0022725
0022731
0022741
0022745
0022748
0022751
0022756
0022758
0022761
0022765
0022772
0022773
0022783
0022784
0022786
0022787
0022799
0022806
0022807
0022809
0022817
0022832
0022843
0022844
0022846
0022847
0022851
0022861
0022866
0022871
0022874
0022879
0022882
0022901
0022907
0022912
0022913
0022914
0022919
0022924
0022925
0022928
0022936
0022937
0022942
0022943
0022944
0022949
0022950
0022956
0022957
0022979
0022984
0022986
0022988
0022989
0022993
0022998
0023009
0023013
0023026
0023043
0023057
0023059
0023062
0023070
0023077
0023079
0023080
0023083
0023087
0023088
0023093
0023095
0023118
0023122
0023126
0023129
0023136
0023172
0023177
0023186
0023188
0023195
0023215
0023217
0023233
0023234
0023235
0023236
0023237
0023244
0023255
0023272
0023285
0023287
0023291
0023293
0023294
0023295
0023304
0023308
0023309
0023310
0023320
0023329
0023331
0023341
0023343
0023345
0023353
0023355
0023365
0023366
0023372
0023376
0023382
0023386
0023389
0023400
0023405
0023407
0023408
0023411
0023412
0023426
0023430
0023432
0023434
0023435
0023441
0023444
0023448
0023454
0023455
0023459
0023467
0023485
0023487
0023494
0023497
0023499
0023505
0023519
0023522
0023525
0023540
0023547
0023560
0023562
0023565
0023570
0023579
0023582
0023583
0023592
0023593
0023594
0023601
0023619
0023620
0023625
0023627
0023629
0023631
0023645
0023647
0023650
0023651
0023657
0023667
0023670
0023671
0023676
0023697
0023701
0023711
0023717
0023719
0023723
0023727
0023729
0023734
0023735
0023737
0023740
0023741
0023742
0023749
0023751
0023761
0023763
0023768
0023776
0023778
0023779
0023781
0023793
0023808
0023811
0023820
0023822
0023831
0023833
0023837
0023840
0023842
0023843
0023844
0023851
0023852
0023853
0023855
0023865
0023869
0023876
0023880
0023884
0023909
0023913
0023921
0023922
0023928
0023934
0023936
0023937
0023938
0023948
0023949
0023958
0023960
0023961
0023965
0023971
0023972
0023975
0023982
0023984
0023985
0023987
0023991
0024001
0024002
0024011
0024014
0024022
0024038
0024039
0024042
0024044
0024051
0024058
0024061
0024063
0024065
0024071
0024073
0024083
0024090
0024101
0024113
0024120
0024123
0024129
0024133
0024136
0024148
0024159
0024165
0024166
0024167
0024189
0024196
0024198
0024209
0024211
0024219
0024227
0024230
0024254
0024263
0024288
0024292
0024293
0024316
0024347
0024352
0024357
0024370
0024378
0024385
0024396
0024397
0024405
0024408
0024409
0024412
0024416
0024422
0024426
0024432
0024461
0024472
0024475
0024490
0024494
0024500
0024513
0024519
0024520
0024521
0024535
0024564
0024571
0024577
0024581
0024583
0024589
0024593
0024613
0024615
0024630
0024640
0024649
0024651
0024652
0024663
0024666
0024667
0024668
0024676
0024677
0024680
0024692
0024693
0024699
0024714
0024717
0024729
0024736
0024740
0024754
0024766
0024770
0024776
0024778
0024799
0024807
0024829
0024832
0024848
0024862
0024867
0024889
0024891
0024894
0024906
0024916
0024922
0024929
0024933
0024934
0024935
0024941
0024946
0024947
0024959
0024967
0024981
0024984
0024989
0024991
0024993
0025030
0025047
0025048
0025055
0025058
0025062
0025069
0025071
0025072
0025091
0025100
0025110
0025120
0025121
0025135
0025140
0025147
0025155
0025156
0025174
0025176
0025177
0025178
0025181
0025186
0025193
0025197
0025218
0025223
0025228
0025229
0025232
0025236
0025257
0025267
0025271
0025273
0025281
0025283
0025289
0025290
0025291
0025301
0025307
0025313
0025316
0025318
0025321
0025328
0025329
0025336
0025341
0025348
0025352
0025354
0025356
0025357
0025364
0025366
0025368
0025377
0025382
0025392
0025398
0025402
0025425
0025432
0025433
0025440
0025453
0025463
0025464
0025466
0025529
0025541
0025546
0025553
0025560
0025564
0025565
0025575
0025579
0025586
0025587
0025593
0025600
0025613
0025619
0025621
0025639
0025644
0025654
0025662
0025669
0025670
0025683
0025684
0025691
0025692
0025695
0025712
0025726
0025731
0025736
0025737
0025739
0025743
0025747
0025751
0025759
0025765
0025767
0025769
0025770
0025790
0025800
0025818
0025830
0025844
0025845
0025847
0025851
0025855
0025862
0025865
0025876
0025890
0025891
0025892
0025905
0025909
0025914
0025924
0025948
0025949
0025950
0025962
0025966
0025974
0025981
0025987
0026000
0026005
0026020
0026036
0026037
0026043
0026047
0026050
0026052
0026067
0026068
0026071
0026076
0026077
0026088
0026096
0026102
0026109
0026138
0026148
0026152
0026187
0026192
0026193
0026202
0026208
0026211
0026219
0026224
0026225
0026234
0026235
0026236
0026239
0026240
0026241
0026244
0026247
0026254
0026255
0026258
0026259
0026271
0026275
0026276
0026280
0026282
0026306
0026308
0026315
0026336
0026342
0026352
0026354
0026376
0026377
0026383
0026401
0026406
0026408
0026409
0026413
0026414
0026415
0026421
0026424
0026435
0026441
0026442
0026443
0026444
0026447
0026450
0026451
0026455
0026458
0026468
0026469
0026479
0026483
0026493
0026499
0026511
0026521
0026522
0026525
0026531
0026534
0026540
0026541
0026549
0026552
0026555
0026556
0026565
0026566
0026582
0026590
0026599
0026605
0026609
0026616
0026629
0026630
0026637
0026647
0026648
0026651
0026673
0026686
0026687
0026696
0026699
0026703
0026712
0026717
0026718
0026731
0026736
0026738
0026749
0026751
0026755
0026760
0026761
0026766
0026768
0026771
0026777
0026779
0026781
0026782
0026783
0026798
0026805
0026806
0026807
0026819
0026820
0026826
0026838
0026843
0026853
0026856
0026857
0026859
0026865
0026871
0026872
0026879
0026890
0026895
0026904
0026925
0026926
0026927
0026937
0026941
0026953
0026955
0026959
0026960
0026962
0026964
0026966
0026969
0026975
0026978
0026981
0026988
0026991
0026993
0027001
0027004
0027008
0027009
0027012
0027015
0027018
0027019
0027022
0027023
0027025
0027030
0027037
0027039
0027040
0027041
0027044
0027045
0027048
0027050
0027053
0027055
0027056
0027061
0027065
0027070
0027072
0027078
0027081
0027082
0027083
0027084
0027093
0027095
0027099
0027102
0027103
0027108
0027111
0027115
0027119
0027122
0027128
0027131
0027133
0027140
0027143
0027145
0027147
0027156
0027158
0027159
0027160
0027165
0027166
0027169
0027171
0027173
0027180
0027181
0027191
0027193
0027195
0027198
0027206
0027207
0027208
0027213
0027214
0027215
0027218
0027221
0027222
0027224
0027227
0027230
0027231
0027240
0027241
0027249
0027253
0027257
0027260
0027261
0027267
0027268
0027275
0027277
0027278
0027279
0027280
0027283
0027287
0027294
0027307
0027309
0027310
0027315
0027317
0027324
0027325
0027326
0027327
0027329
0027331
0027335
0027338
0027341
0027342
0027344
0027346
0027347
0027355
0027360
0027363
0027365
0027369
0027371
0027372
0027374
0027383
0027385
0027391
0027392
0027396
0027399
0027400
0027401
0027402
0027405
0027406
0027408
0027409
0027419
0027421
0027423
0027428
0027429
0027431
0027442
0027444
0027448
0027449
0027457
0027462
0027463
0027464
0027467
0027468
0027475
0027477
0027478
0027481
0027483
0027484
0027486
0027487
0027489
0027491
0027496
0027503
0027508
0027509
0027512
0027513
0027521
0027522
0027528
0027532
0027533
0027534
0027535
0027539
0027540
0027541
0027543
0027547
0027549
0027550
0027553
0027555
0027556
0027561
0027562
0027563
0027565
0027567
0027570
0027574
0027580
0027581
0027583
0027586
0027590
0027592
0027593
0027599
0027600
0027601
0027609
0027611
0027613
0027618
0027619
0027624
0027626
0027628
0027629
0027630
0027634
0027637
0027638
0027640
0027641
0027647
0027651
0027652
0027656
0027658
0027662
0027666
0027668
0027676
0027677
0027680
0027681
0027683
0027684
0027701
0027702
0027704
0027707
0027708
0027713
0027716
0027717
0027719
0027722
0027724
0027725
0027729
0027737
0027738
0027741
0027742
0027745
0027746
0027748
0027752
0027754
0027755
0027757
0027758
0027761
0027764
0027769
0027770
0027771
0027772
0027773
0027777
0027778
0027780
0027781
0027788
0027791
0027792
0027793
0027797
0027798
0027799
0027805
0027809
0027813
0027815
0027816
0027818
0027820
0027823
0027830
0027832
0027834
0027837
0027841
0027842
0027846
0027848
0027851
0027852
0027853
0027857
0027869
0027873
0027878
0027880
0027882
0027884
0027886
0027887
0027892
0027894
0027896
0027898
0027900
0027901
0027902
0027907
0027908
0027912
0027913
0027915
0027921
0027922
0027923
0027925
0027926
0027935
0027936
0027940
0027944
0027945
0027947
0027948
0027950
0027958
0027959
0027960
0027964
0027967
0027968
0027972
0027973
0027975
0027977
0027978
0027979
0027982
0027984
0027986
0027989
0027990
0027993
0027999
0028003
0028004
0028008
0028014
0028021
0028022
0028023
0028027
0028029
0028030
0028031
0028033
0028034
0028038
0028039
0028043
0028045
0028049
0028050
0028052
0028053
0028054
0028057
0028061
0028063
0028064
0028072
0028074
0028076
0028077
0028078
0028084
0028085
0028086
0028087
0028094
0028095
0028098
0028099
0028102
0028105
0028106
0028108
0028109
0028112
0028114
0028116
0028121
0028122
0028124
0028127
0028129
0028135
0028139
0028142
0028143
0028144
0028146
0028149
0028160
0028165
0028166
0028167
0028168
0028172
0028174
0028176
0028178
0028180
0028183
0028192
0028193
0028196
0028200
0028201
0028203
0028205
0028207
0028209
0028211
0028219
0028221
0028222
0028224
0028226
0028233
0028234
0028237
0028238
0028246
0028249
0028251
0028253
0028254
0028256
0028258
0028259
0028260
0028261
0028262
0028265
0028267
0028270
0028274
0028277
0028280
0028284
0028287
0028288
0028290
0028295
0028297
0028298
0028301
0028303
0028305
0028307
0028314
0028317
0028334
0028335
0028338
0028339
0028341
0028342
0028346
0028347
0028352
0028356
0028370
0028377
0028378
0028380
0028386
0028391
0028397
0028398
0028404
0028414
0028415
0028417
0028420
0028421
0028423
0028427
0028433
0028436
0028439
0028447
0028448
0028451
0028456
0028460
0028466
0028468
0028473
0028480
0028481
0028483
0028485
0028495
0028496
0028503
0028511
0028534
0028535
0028536
0028542
0028543
0028548
0028552
0028554
0028559
0028562
0028565
0028566
0028568
0028576
0028587
0028591
0028593
0028597
0028598
0028599
0028601
0028603
0028604
0028606
0028608
0028610
0028611
0028612
0028615
0028616
0028619
0028623
0028625
0028631
0028633
0028636
0028643
0028644
0028666
0028673
0028674
0028699
0028732
0028734
0028737
0028738
0028743
0028753
0028756
0028760
0028761
0028763
0028767
0028772
0028773
0028779
0028780
0028790
0028795
0028800
0028811
0028815
0028827
0028832
0028833
0028835
0028839
0028840
0028842
0028849
0028852
0028853
0028857
0028860
0028863
0028868
0028873
0028879
0028885
0028886
0028896
0028898
0028902
0028903
0028912
0028915
0028928
0028942
0028945
0028950
0028953
0028954
0028955
0028959
0028961
0028962
0028963
0028968
0028970
0028971
0028976
0028978
0028980
0028982
0028983
0028986
0028990
0028991
0028996
0028997
0029003
0029004
0029009
0029010
0029016
0029018
0029020
0029021
0029024
0029027
0029028
0029033
0029039
0029041
0029042
0029048
0029052
0029053
0029056
0029057
0029060
0029061
0029063
0029064
0029070
0029080
0029083
0029089
0029091
0029097
0029100
0029101
0029104
0029107
0029111
0029112
0029125
0029131
0029133
0029135
0029138
0029140
0029147
0029149
0029157
0029164
0029166
0029167
0029169
0029174
0029175
0029176
0029178
0029188
0029190
0029193
0029196
0029201
0029203
0029209
0029212
0029215
0029216
0029221
0029224
0029225
0029229
0029233
0029234
0029237
0029244
0029249
0029253
0029255
0029258
0029261
0029263
0029264
0029265
0029268
0029272
0029277
0029278
0029281
0029282
0029289
0029292
0029303
0029306
0029308
0029309
0029311
0029312
0029313
0029318
0029320
0029324
0029328
0029339
0029340
0029345
0029359
0029360
0029374
0029375
0029384
0029386
0029387
0029396
0029400
0029402
0029406
0029407
0029408
0029412
0029413
0029414
0029415
0029418
0029419
0029427
0029428
0029431
0029433
0029434
0029435
0029440
0029442
0029445
0029447
0029450
0029455
0029465
0029466
0029468
0029473
0029474
0029475
0029478
0029481
0029482
0029486
0029487
0029490
0029491
0029495
0029498
0029500
0029502
0029511
0029513
0029515
0029520
0029521
0029522
0029524
0029527
0029528
0029529
0029531
0029537
0029539
0029542
0029543
0029553
0029558
0029563
0029564
0029568
0029570
0029573
0029575
0029576
0029577
0029580
0029585
0029594
0029595
0029598
0029602
0029609
0029613
0029616
0029620
0029625
0029632
0029633
0029640
0029644
0029649
0029650
0029651
0029654
0029656
0029657
0029658
0029665
0029666
0029670
0029671
0029676
0029677
0029680
0029681
0029687
0029697
0029704
0029723
0029729
0029733
0029736
0029741
0029742
0029743
0029746
0029747
0029748
0029752
0029759
0029767
0029768
0029774
0029776
0029780
0029787
0029788
0029792
0029797
0029800
0029802
0029803
0029818
0029819
0029820
0029822
0029823
0029825
0029831
0029835
0029838
0029840
0029842
0029848
0029849
0029850
0029855
0029857
0029864
0029866
0029868
0029871
0029878
0029885
0029886
0029888
0029891
0029902
0029908
0029911
0029913
0029916
0029922
0029924
0029928
0029931
0029938
0029939
0029943
0029944
0029949
0029953
0029958
0029961
0029964
0029965
0029968
0029969
0029970
0029978
0029981
0029982
0029986
0029998
0029999
0030003
0030004
0030009
0030014
0030019
0030022
0030039
0030042
0030043
0030051
0030056
0030057
0030058
0030064
0030067
0030068
0030078
0030079
0030082
0030083
0030084
0030086
0030087
0030088
0030090
0030093
0030098
0030100
0030102
0030105
0030106
0030109
0030110
0030112
0030113
0030114
0030115
0030116
0030118
0030120
0030124
0030125
0030126
0030131
0030133
0030134
0030137
0030139
0030143
0030152
0030155
0030157
0030158
0030161
0030162
0030165
0030168
0030169
0030171
0030175
0030178
0030184
0030186
0030189
0030191
0030192
0030193
0030195
0030205
0030207
0030212
0030215
0030220
0030222
0030223
0030227
0030229
0030230
0030232
0030233
0030236
0030240
0030241
0030242
0030243
0030244
0030249
0030250
0030251
0030252
0030256
0030258
0030263
0030265
0030267
0030268
0030272
0030273
0030278
0030279
0030281
0030282
0030287
0030288
0030289
0030301
0030302
0030305
0030310
0030311
0030312
0030316
0030318
0030321
0030323
0030324
0030326
0030329
0030330
0030332
0030333
0030342
0030351
0030367
0030368
0030378
0030382
0030384
0030388
0030389
0030392
0030395
0030396
0030399
0030400
0030401
0030404
0030410
0030411
0030413
0030417
0030419
0030424
0030427
0030428
0030431
0030438
0030440
0030442
0030444
0030450
0030464
0030468
0030470
0030473
0030474
0030475
0030477
0030480
0030486
0030489
0030491
0030496
0030498
0030501
0030502
0030504
0030508
0030510
0030513
0030520
0030521
0030522
0030529
0030530
0030531
0030536
0030544
0030546
0030552
0030558
0030560
0030565
0030567
0030573
0030574
0030577
0030579
0030580
0030584
0030587
0030588
0030591
0030594
0030595
0030598
0030599
0030605
0030609
0030610
0030613
0030619
0030623
0030632
0030633
0030637
0030638
0030642
0030643
0030646
0030647
0030650
0030651
0030654
0030655
0030656
0030670
0030671
0030677
0030680
0030681
0030682
0030684
0030688
0030690
0030695
0030700
0030702
0030705
0030706
0030711
0030712
0030716
0030719
0030724
0030728
0030729
0030730
0030731
0030736
0030737
0030739
0030741
0030742
0030761
0030766
0030771
0030779
0030783
0030784
0030785
0030796
0030798
0030799
0030800
0030805
0030813
0030818
0030820
0030829
0030833
0030842
0030844
0030846
0030847
0030850
0030857
0030863
0030867
0030872
0030873
0030874
0030880
0030887
0030893
0030902
0030906
0030909
0030910
0030913
0030914
0030917
0030922
0030924
0030925
0030929
0030933
0030934
0030935
0030943
0030947
0030948
0030949
0030954
0030957
0030969
0030971
0030982
0030984
0030989
0030993
0030994
0031007
0031010
0031011
0031013
0031022
0031036
0031041
0031043
0031044
0031046
0031047
0031050
0031054
0031058
0031061
0031064
0031066
0031067
0031068
0031069
0031071
0031079
0031086
0031089
0031092
0031102
0031103
0031104
0031107
0031109
0031110
0031111
0031112
0031114
0031117
0031121
0031122
0031126
0031131
0031132
0031134
0031136
0031138
0031139
0031143
0031150
0031152
0031154
0031155
0031156
0031158
0031163
0031164
0031172
0031173
0031175
0031176
0031179
0031182
0031186
0031190
0031191
0031198
0031199
0031201
0031202
0031203
0031205
0031206
0031211
0031215
0031219
0031221
0031224
0031226
0031231
0031232
0031236
0031238
0031239
0031243
0031244
0031246
0031247
0031248
0031249
0031250
0031252
0031258
0031263
0031271
0031273
0031274
0031275
0031276
0031281
0031286
0031290
0031297
0031299
0031306
0031310
0031314
0031315
0031317
0031318
0031321
0031322
0031329
0031330
0031335
0031337
0031340
0031341
0031345
0031349
0031354
0031355
0031359
0031362
0031367
0031369
0031378
0031385
0031386
0031388
0031389
0031392
0031395
0031396
0031397
0031401
0031403
0031404
0031410
0031411
0031415
0031419
0031420
0031421
0031423
0031430
0031431
0031439
0031441
0031442
0031443
0031450
0031452
0031458
0031459
0031461
0031462
0031465
0031467
0031468
0031472
0031473
0031480
0031481
0031490
0031492
0031493
0031495
0031496
0031497
0031499
0031511
0031514
0031520
0031522
0031524
0031526
0031529
0031530
0031531
0031537
0031539
0031544
0031552
0031553
0031557
0031558
0031563
0031566
0031568
0031569
0031570
0031575
0031579
0031582
0031585
0031586
0031587
0031588
0031592
0031594
0031597
0031598
0031599
0031601
0031602
0031603
0031606
0031614
0031615
0031617
0031620
0031621
0031624
0031628
0031629
0031633
0031644
0031647
0031650
0031651
0031655
0031659
0031663
0031667
0031669
0031671
0031675
0031676
0031678
0031684
0031688
0031690
0031697
0031698
0031708
0031710
0031711
0031715
0031720
0031726
0031728
0031733
0031736
0031742
0031744
0031746
0031752
0031758
0031763
0031771
0031776
0031778
0031780
0031782
0031791
0031793
0031794
0031795
0031799
0031805
0031806
0031813
0031814
0031815
0031816
0031823
0031832
0031834
0031841
0031855
0031863
0031864
0031865
0031871
0031875
0031877
0031878
0031879
0031880
0031881
0031883
0031884
0031888
0031889
0031894
0031900
0031906
0031909
0031915
0031918
0031924
0031927
0031929
0031931
0031933
0031935
0031936
0031937
0031938
0031945
0031947
0031948
0031952
0031953
0031959
0031967
0031969
0031970
0031971
0031972
0031983
0031984
0031986
0031987
0031988
0031997
0031998
0032003
0032004
0032012
0032014
0032016
0032017
0032021
0032023
0032025
0032028
0032033
0032034
0032044
0032045
0032047
0032048
0032050
0032055
0032058
0032059
0032062
0032067
0032071
0032073
0032076
0032081
0032082
0032086
0032089
0032098
0032099
0032111
0032114
0032117
0032120
0032123
0032125
0032127
0032132
0032133
0032143
0032146
0032149
0032151
0032154
0032155
0032162
0032164
0032165
0032166
0032169
0032172
0032178
0032188
0032194
0032197
0032199
0032201
0032203
0032206
0032208
0032209
0032211
0032222
0032223
0032225
0032228
0032230
0032231
0032236
0032237
0032242
0032245
0032248
0032249
0032250
0032267
0032273
0032274
0032278
0032281
0032287
0032288
0032289
0032303
0032305
0032306
0032322
0032331
0032332
0032335
0032339
0032346
0032350
0032356
0032360
0032370
0032371
0032373
0032374
0032376
0032378
0032379
0032381
0032382
0032385
0032386
0032387
0032388
0032389
0032390
0032391
0032392
0032394
0032400
0032404
0032405
0032411
0032416
0032422
0032428
0032433
0032435
0032436
0032437
0032440
0032441
0032455
0032456
0032463
0032466
0032472
0032474
0032477
0032479
0032482
0032485
0032486
0032491
0032492
0032503
0032519
0032523
0032524
0032525
0032526
0032529
0032532
0032534
0032537
0032548
0032550
0032551
0032552
0032553
0032556
0032557
0032569
0032571
0032572
0032579
0032599
0032605
0032609
0032612
0032614
0032615
0032617
0032622
0032623
0032624
0032626
0032629
0032631
0032636
0032638
0032644
0032645
0032649
0032650
0032651
0032653
0032658
0032659
0032660
0032661
0032684
0032687
0032688
0032693
0032697
0032699
0032701
0032702
0032703
0032720
0032724
0032726
0032727
0032728
0032731
0032734
0032735
0032737
0032745
0032748
0032752
0032753
0032754
0032756
0032758
0032761
0032763
0032772
0032774
0032776
0032781
0032783
0032785
0032786
0032788
0032794
0032796
0032797
0032798
0032801
0032807
0032813
0032819
0032822
0032823
0032825
0032830
0032831
0032834
0032839
0032841
0032843
0032844
0032849
0032853
0032858
0032859
0032861
0032863
0032867
0032868
0032870
0032873
0032874
0032878
0032881
0032889
0032890
0032895
0032896
0032897
0032898
0032899
0032905
0032906
0032914
0032915
0032917
0032924
0032929
0032933
0032934
0032940
0032941
0032943
0032947
0032948
0032953
0032954
0032958
0032962
0032967
0032977
0032985
0032987
0032991
0032993
0032994
0032998
0033002
0033004
0033006
0033008
0033012
0033015
0033023
0033024
0033025
0033037
0033039
0033042
0033043
0033046
0033047
0033054
0033056
0033057
0033059
0033061
0033063
0033064
0033068
0033069
0033070
0033072
0033077
0033079
0033085
0033086
0033087
0033088
0033090
0033093
0033095
0033099
0033100
0033101
0033102
0033108
0033111
0033112
0033114
0033117
0033126
0033128
0033133
0033137
0033141
0033142
0033144
0033156
0033161
0033162
0033165
0033170
0033173
0033176
0033180
0033182
0033186
0033187
0033188
0033189
0033195
0033196
0033201
0033202
0033204
0033206
0033207
0033211
0033215
0033217
0033218
0033222
0033223
0033224
0033226
0033229
0033230
0033233
0033234
0033236
0033239
0033240
0033242
0033244
0033248
0033250
0033254
0033256
0033257
0033260
0033266
0033268
0033271
0033278
0033283
0033291
0033292
0033293
0033300
0033301
0033303
0033308
0033315
0033316
0033318
0033319
0033320
0033324
0033325
0033326
0033328
0033329
0033331
0033334
0033343
0033346
0033351
0033352
0033358
0033359
0033360
0033368
0033372
0033373
0033375
0033377
0033384
0033386
0033388
0033392
0033400
0033401
0033405
0033406
0033407
0033408
0033409
0033411
0033415
0033417
0033421
0033425
0033428
0033429
0033436
0033439
0033442
0033444
0033447
0033448
0033449
0033456
0033462
0033464
0033467
0033469
0033479
0033491
0033494
0033495
0033496
0033498
0033500
0033502
0033503
0033505
0033507
0033512
0033513
0033514
0033515
0033516
0033518
0033519
0033520
0033523
0033525
0033531
0033533
0033534
0033535
0033538
0033541
0033548
0033553
0033554
0033556
0033560
0033563
0033565
0033574
0033580
0033581
0033585
0033588
0033590
0033592
0033598
0033600
0033603
0033604
0033605
0033606
0033608
0033610
0033611
0033615
0033616
0033619
0033620
0033621
0033623
0033624
0033629
0033632
0033633
0033640
0033641
0033642
0033644
0033645
0033650
0033666
0033668
0033676
0033678
0033679
0033683
0033684
0033687
0033688
0033696
0033702
0033704
0033707
0033708
0033725
0033731
0033742
0033743
0033744
0033747
0033751
0033758
0033759
0033761
0033762
0033764
0033766
0033768
0033774
0033775
0033777
0033784
0033787
0033788
0033789
0033795
0033797
0033799
0033800
0033803
0033805
0033807
0033808
0033810
0033814
0033816
0033817
0033819
0033821
0033822
0033825
0033827
0033831
0033834
0033835
0033836
0033837
0033838
0033840
0033841
0033849
0033851
0033854
0033857
0033858
0033860
0033862
0033864
0033868
0033886
0033892
0033893
0033895
0033900
0033903
0033909
0033912
0033913
0033919
0033926
0033927
0033928
0033931
0033939
0033947
0033948
0033949
0033952
0033956
0033959
0033960
0033961
0033962
0033963
0033969
0033978
0033979
0033981
0033987
0033989
0033993
0033999
0034003
0034007
0034010
0034013
0034015
0034017
0034020
0034021
0034022
0034023
0034029
0034030
0034033
0034040
0034042
0034043
0034044
0034046
0034050
0034057
0034061
0034073
0034075
0034076
0034078
0034079
0034080
0034081
0034084
0034087
0034088
0034092
0034095
0034112
0034114
0034118
0034119
0034137
0034140
0034146
0034149
0034153
0034154
0034162
0034164
0034167
0034168
0034173
0034180
0034181
0034183
0034191
0034192
0034197
0034201
0034207
0034211
0034214
0034219
0034222
0034224
0034228
0034230
0034235
0034236
0034238
0034240
0034241
0034242
0034244
0034254
0034257
0034263
0034264
0034268
0034269
0034270
0034271
0034272
0034273
0034278
0034279
0034280
0034281
0034283
0034285
0034287
0034289
0034292
0034293
0034294
0034296
0034299
0034305
0034306
0034312
0034318
0034319
0034329
0034331
0034333
0034335
0034342
0034348
0034349
0034354
0034356
0034357
0034359
0034362
0034368
0034370
0034373
0034375
0034376
0034378
0034379
0034384
0034387
0034388
0034390
0034392
0034397
0034401
0034404
0034406
0034410
0034415
0034416
0034417
0034418
0034419
0034423
0034426
0034432
0034434
0034435
0034439
0034441
0034442
0034443
0034444
0034445
0034447
0034448
0034449
0034452
0034453
0034454
0034455
0034464
0034472
0034474
0034475
0034476
0034477
0034480
0034484
0034487
0034488
0034489
0034490
0034491
0034497
0034498
0034501
0034502
0034509
0034512
0034513
0034519
0034528
0034530
0034535
0034539
0034546
0034547
0034549
0034551
0034552
0034554
0034555
0034556
0034557
0034560
0034562
0034563
0034565
0034566
0034567
0034568
0034570
0034571
0034572
0034573
0034574
0034575
0034576
0034577
0034579
0034580
0034582
0034584
0034588
0034589
0034590
0034591
0034593
0034597
0034600
0034608
0034614
0034619
0034620
0034623
0034625
0034626
0034627
0034629
0034634
0034636
0034637
0034640
0034641
0034644
0034646
0034647
0034652
0034653
0034654
0034655
0034659
0034660
0034662
0034666
0034667
0034671
0034674
0034675
0034676
0034680
0034681
0034683
0034692
0034693
0034695
0034696
0034697
0034703
0034704
0034707
0034708
0034710
0034716
0034719
0034720
0034721
0034722
0034723
0034731
0034732
0034733
0034739
0034740
0034744
0034755
0034757
0034759
0034760
0034763
0034766
0034769
0034770
0034776
0034782
0034784
0034785
0034786
0034787
0034789
0034791
0034793
0034800
0034802
0034803
0034812
0034815
0034823
0034824
0034829
0034832
0034838
0034845
0034847
0034849
0034855
0034857
0034858
0034859
0034862
0034865
0034871
0034872
0034882
0034884
0034895
0034897
0034898
0034900
0034905
0034909
0034912
0034914
0034915
0034918
0034923
0034931
0034934
0034937
0034939
0034940
0034941
0034946
0034947
0034951
0034952
0034953
0034954
0034959
0034964
0034965
0034972
0034974
0034976
0034977
0034980
0034983
0034997
0035003
0035005
0035009
0035014
0035019
0035029
0035032
0035035
0035040
0035044
0035047
0035048
0035050
0035051
0035053
0035054
0035057
0035059
0035060
0035063
0035064
0035066
0035068
0035070
0035072
0035073
0035077
0035080
0035085
0035087
0035095
0035096
0035099
0035103
0035107
0035108
0035109
0035110
0035112
0035117
0035118
0035123
0035124
0035133
0035138
0035140
0035142
0035143
0035145
0035146
0035150
0035153
0035156
0035158
0035162
0035163
0035165
0035167
0035176
0035180
0035184
0035186
0035187
0035189
0035192
0035194
0035196
0035198
0035203
0035208
0035210
0035212
0035214
0035216
0035217
0035220
0035222
0035225
0035228
0035236
0035238
0035239
0035240
0035241
0035245
0035247
0035248
0035251
0035252
0035254
0035258
0035260
0035269
0035273
0035275
0035277
0035278
0035280
0035281
0035286
0035288
0035290
0035292
0035293
0035294
0035301
0035303
0035305
0035309
0035318
0035319
0035321
0035322
0035327
0035330
0035333
0035334
0035341
0035342
0035348
0035353
0035354
0035355
0035356
0035362
0035365
0035367
0035368
0035370
0035375
0035379
0035380
0035389
0035390
0035391
0035393
0035394
0035399
0035405
0035406
0035410
0035414
0035416
0035417
0035418
0035423
0035424
0035426
0035432
0035440
0035441
0035445
0035447
0035449
0035453
0035458
0035464
0035467
0035469
0035471
0035473
0035477
0035480
0035481
0035484
0035485
0035487
0035488
0035491
0035495
0035499
0035501
0035527
0035531
0035532
0035536
0035537
0035542
0035557
0035559
0035566
0035572
0035574
0035575
0035577
0035581
0035585
0035589
0035600
0035602
0035606
0035607
0035617
0035620
0035626
0035627
0035628
0035634
0035638
0035640
0035643
0035644
0035645
0035646
0035647
0035649
0035651
0035657
0035659
0035660
0035663
0035664
0035666
0035673
0035676
0035679
0035681
0035684
0035691
0035695
0035696
0035699
0035701
0035703
0035707
0035708
0035710
0035713
0035718
0035723
0035726
0035728
0035733
0035734
0035742
0035750
0035752
0035755
0035756
0035762
0035772
0035774
0035777
0035778
0035779
0035782
0035783
0035785
0035787
0035791
0035797
0035800
0035803
0035805
0035807
0035811
0035814
0035816
0035818
0035820
0035821
0036558
0036574
0036579
0036584
0036588
0036598
0036599
0036603
0036620
0036627
0036638
0036662
0036664
0036686
0036687
0036699
0036710
0036713
0036753
0036758
0036779
0036781
0036798
0036801
0036807
0036810
0036812
0036813
0036823
0036827
0036829
0036840
0036900
0036912
0036922
0036927
0036958
0036984
0036989
0036990
0036992
0036996
0036998
0037003
0037027
0037031
0037032
0037048
0037052
0037059
0037069
0037080
0037096
0037112
0037145
0037147
0037150
0037156
0037166
0037168
0037170
0037174
0037176
0037177
0037185
0037197
0037198
0037202
0037204
0037206
0037214
0037216
0037218
0037219
0037224
0037228
0037231
0037232
0037242
0037249
0037251
0037252
0037253
0037257
0037258
0037259
0037260
0037263
0037271
0037273
0037277
0037281
0037288
0037302
0037309
0037315
0037321
0037323
0037327
0037329
0037333
0037334
0037335
0037343
0037344
0037347
0037348
0037350
0037352
0037356
0037358
0037362
0037374
0037379
0037389
0037393
0037395
0037397
0037398
0037400
0037403
0037405
0037406
0037408
0037409
0037412
0037414
0037419
0037422
0037424
0037425
0037427
0037431
0037432
0037435
0037448
0037449
0037451
0037455
0037461
0037462
0037465
0037466
0037468
0037471
0037474
0037476
0037478
0037480
0037490
0037494
0037499
0037500
0037506
0037514
0037515
0037522
0037523
0037526
0037535
0037536
0037540
0037542
0037555
0037559
0037574
0037580
0037583
0037587
0037592
0037594
0037597
0037601
0037604
0037610
0037620
0037630
0037638
0037642
0037649
0037652
0037653
0037655
0037656
0037657
0037658
0037661
0037663
0037670
0037676
0037679
0037681
0037685
0037691
0037696
0037699
0037701
0037704
0037707
0037708
0037709
0037711
0037717
0037723
0037728
0037729
0037740
0037741
0037744
0037750
0037755
0037758
0037764
0037765
0037767
0037778
0037783
0037786
0037790
0037792
0037795
0037798
0037804
0037808
0037813
0037815
0037821
0037822
0037824
0037826
0037830
0037832
0037834
0037839
0037842
0037843
0037846
0037848
0037852
0037857
0037870
0037876
0037877
0037882
0037888
0037889
0037894
0037895
0037896
0037901
0037902
0037906
0037907
0037918
0037928
0037929
0037934
0037940
0037942
0037952
0037953
0037954
0037955
0037956
0037957
0037960
0037961
0037967
0037968
0037972
0037975
0037979
0037981
0037983
0037985
0037990
0037996
0037997
0038002
0038013
0038014
0038039
0038045
0038051
0038053
0038064
0038066
0038068
0038069
0038082
0038083
0038088
0038093
0038094
0038102
0038111
0038115
0038119
0038121
0038122
0038126
0038132
0038134
0038142
0038144
0038150
0038152
0038160
0038167
0038170
0038176
0038178
0038182
0038188
0038194
0038200
0038202
0038210
0038214
0038215
0038216
0038218
0038241
0038243
0038245
0038253
0038258
0038260
0038263
0038275
0038277
0038278
0038283
0038284
0038286
0038294
0038299
0038303
0038306
0038307
0038310
0038315
0038319
0038327
0038335
0038336
0038339
0038340
0038342
0038345
0038350
0038351
0038355
0038360
0038361
0038365
0038367
0038370
0038371
0038378
0038381
0038383
0038390
0038395
0038400
0038415
0038417
0038418
0038422
0038432
0038441
0038452
0038457
0038464
0038468
0038476
0038478
0038486
0038503
0038507
0038508
0038512
0038513
0038516
0038522
0038523
0038524
0038533
0038538
0038547
0038548
0038555
0038556
0038560
0038564
0038566
0038578
0038592
0038593
0038611
0038617
0038620
0038623
0038625
0038628
0038632
0038635
0038637
0038644
0038647
0038648
0038650
0038653
0038655
0038656
0038658
0038660
0038661
0038664
0038666
0038670
0038671
0038673
0038674
0038680
0038685
0038690
0038691
0038692
0038708
0038712
0038716
0038735
0038737
0038738
0038739
0038741
0038742
0038745
0038752
0038753
0038760
0038762
0038765
0038766
0038768
0038782
0038808
0038811
0038813
0038818
0038830
0038831
0038832
0038836
0038841
0038842
0038851
0038855
0038858
0038861
0038865
0038870
0038875
0038880
0038884
0038896
0038898
0038920
0038922
0038930
0038938
0038956
0038963
0038979
0038991
0039099
0039107
0039126
0039133
0039135
0039144
0039145
0039157
0039158
0039165
0039168
0039174
0039178
0039182
0039188
0039193
0039200
0039206
0039209
0039219
0039220
0039224
0039230
0039232
0039236
0039237
0039239
0039247
0039251
0039253
0039259
0039260
0039261
0039262
0039266
0039271
0039272
0039278
0039282
0039286
0039290
0039291
0039292
0039307
0039309
0039314
0039315
0039316
0039317
0039320
0039322
0039324
0039340
0039342
0039350
0039352
0039354
0039358
0039360
0039362
0039363
0039365
0039371
0039377
0039380
0039402
0039407
0039414
0039422
0039430
0039433
0039442
0039444
0039445
0039446
0039447
0039450
0039454
0039457
0039469
0039470
0039471
0039474
0039476
0039477
0039480
0039485
0039488
0039492
0039494
0039504
0039515
0039519
0039521
0039528
0039532
0039536
0039540
0039545
0039570
0039572
0039573
0039579
0039591
0039594
0039609
0039611
0039612
0039615
0039618
0039622
0039627
0039635
0039636
0039649
0039654
0039656
0039663
0039667
0039671
0039672
0039682
0039697
0039704
0039707
0039721
0039728
0039730
0039738
0039739
0039750
0039752
0039754
0039755
0039761
0039762
0039781
0039784
0039805
0039806
0039808
0039809
0039812
0039814
0039816
0039827
0039828
0039842
0039843
0039845
0039849
0039855
0039867
0039870
0039878
0039882
0039887
0039889
0039894
0039895
0039898
0039904
0039909
0039911
0039922
0039927
0039938
0039947
0039952
0039954
0039955
0039965
0039969
0039971
0039973
0039976
0039977
0039979
0039980
0039981
0039982
0039988
0039989
0040018
0040024
0040026
0040032
0040037
0040041
0040043
0040055
0040060
0040061
0040062
0040067
0040069
0040070
0040072
0040073
0040078
0040083
0040086
0040088
0040089
0040090
0040092
0040100
0040104
0040106
0040110
0040114
0040115
0040116
0040118
0040119
0040120
0040130
0040131
0040135
0040138
0040147
0040152
0040167
0040168
0040171
0040173
0040180
0040185
0040188
0040189
0040196
0040197
0040198
0040200
0040206
0040208
0040215
0040216
0040218
0040220
0040222
0040223
0040230
0040231
0040232
0040244
0040245
0040248
0040256
0040257
0040259
0040264
0040266
0040267
0040268
0040269
0040277
0040278
0040283
0040285
0040288
0040289
0040291
0040293
0040294
0040295
0040298
0040305
0040308
0040313
0040318
0040324
0040331
0040332
0040333
0040337
0040338
0040342
0040346
0040351
0040353
0040357
0040359
0040377
0040379
0040381
0040383
0040384
0040385
0040391
0040392
0040393
0040395
0040399
0040403
0040406
0040408
0040410
0040411
0040422
0040423
0040424
0040425
0040430
0040431
0040432
0040434
0040436
0040438
0040440
0040452
0040458
0040459
0040464
0040466
0040470
0040472
0040474
0040478
0040481
0041215
005127
005142
005144
005149
005153
005154
005164
005174
005175
005178
005186
005202
005203
005204
005208
005213
005225
005229
005230
005234
005235
005241
005257
005258
005277
005282
005285
005286
005288
005294
005304
005305
005310
005314
005322
005333
005338
005346
005347
005355
005366
005368
005370
005373
005385
005389
005398
005404
005405
005413
005418
005427
005448
005456
005457
005462
005474
005483
005491
005493
005498
005503
005504
005506
005514
005522
005546
005547
005549
005552
005562
005568
005570
005571
005578
005589
005590
005604
005609
005620
005623
005630
005632
005633
005638
005647
005648
005649
005651
005656
005657
005662
005664
005715
005720
005738
005741
005749
005752
005755
005776
005778
005781
005782
005790
005795
005796
005797
005802
005809
005828
005831
005833
005840
005845
005863
005865
005869
005870
005877
005885
005892
005893
005894
005904
005907
005925
005928
005930
005933
005935
005937
005938
005940
005942
005946
005949
005950
005969
005977
005984
005985
005997
006000
006001
006005
006007
006015
006020
006021
006022
006035
006037
006049
006054
006056
006066
006077
006078
006081
006082
006086
006091
006103
006110
006118
006127
006140
006147
006148
006153
006154
006155
006173
006174
006181
006190
006194
006200
006202
006204
006205
006206
006209
006210
006211
006219
006222
006230
006231
006235
006236
006241
006242
006243
006251
006252
006254
006262
006269
006273
006276
006278
006279
006283
006295
006296
006312
006313
006318
006319
006320
006323
006327
006331
006332
006334
006340
006343
006344
006349
006354
006361
006365
006369
006370
006371
006372
006375
006376
006380
006389
006394
006398
006400
006401
006402
006404
006412
006417
006432
006435
006441
006444
006448
006456
006457
006463
006470
006480
006482
006483
006494
006496
006498
006501
006504
006509
006515
006517
006519
006521
006526
006528
006533
006536
006539
006540
006544
006548
006549
006562
006565
006570
006574
006585
006588
006600
006603
006604
006626
006636
006644
006647
006669
006673
006677
006691
006692
006693
006694
006700
006701
006706
006709
006719
006721
006727
006732
006738
006742
006754
006755
006764
006766
006773
006780
006784
006796
006803
006815
006829
006854
006865
006867
006876
006891
006895
006902
006903
006908
006911
006913
006915
006928
006956
006965
006977
006987
006989
006997
007022
007023
007024
007034
007134
007144
007145
007150
007162
007163
007168
007176
007180
007183
007186
007190
007191
007209
007212
007227
007229
007234
007237
007238
007251
007252
007253
007254
007267
007273
007279
007281
007301
007304
007305
007317
007323
007325
007328
007339
007341
007347
007354
007373
007380
007388
007390
007393
007394
007396
007400
007405
007422
007423
007432
007435
007457
007462
007465
007472
007473
007486
007489
007499
007501
007533
007539
007552
007570
007573
007575
007579
007584
007585
007594
007600
007606
007608
007609
007611
007617
007624
007629
007630
007633
007640
007647
007649
007655
007656
007659
007661
007664
007676
007701
007705
007708
007712
007713
007719
007723
007738
007739
007740
007753
007758
007762
007763
007774
007787
007792
007793
007805
007833
007834
007837
007838
007841
007842
007843
007851
007856
007862
007863
007865
007868
007869
007877
007886
007893
007894
007902
007904
007907
007908
007917
007921
007934
007941
007948
0000001
0000002
0000004
0000008
0000009
0000013
0000015
0000016
0000022
0000027
0000031
0000033
0000035
0000041
0000043
0000047
0000052
0000059
0000061
0000063
0000071
0000072
0000076
0000077
0000087
0000092
0000094
0000100
0000103
0000105
0000113
0000120
0000123
0000126
0000128
0000136
0000137
0000139
0000141
0000147
0000153
0000159
0000173
0000194
0000196
0000205
0000208
0000211
0000219
0000245
0000250
0000252
0000254
0000257
0000274
0000276
0000291
0000325
0000332
0000335
0000338
0000341
0000344
0000355
0000364
0000418
0000421
0000428
0000429
0000431
0000433
0000434
0000440
0000461
0000465
0000473
0000475
0000495
0000527
0000533
0000541
0000544
0000551
0000553
0000571
0000576
0000580
0000591
0000605
0000606
0000619
0000622
0000624
0000626
0000627
0000637
0000638
0000645
0000646
0000654
0000655
0000664
0000669
0000672
0000673
0000674
0000679
0000684
0000689
0000697
0000702
0000707
0000718
0000726
0000737
0000741
0000743
0000744
0000750
0000760
0000762
0000764
0000765
0000767
0000769
0000780
0000788
0000796
0000797
0000803
0000805
0000810
0000814
0000818
0000823
0000828
0000830
0000832
0000835
0000836
0000839
0000840
0000843
0000847
0000852
0000856
0000860
0000862
0000868
0000876
0000879
0000887
0000891
0000902
0000914
0000916
0000919
0000920
0000922
0000927
0000930
0000931
0000939
0000942
0000945
0000946
0000954
0000960
0000965
0000970
0000973
0000978
0000982
0000993
0000998
0001002
0001005
0001006
0001007
0001008
0001009
0001010
0001012
0001015
0001018
0001031
0001032
0001035
0001038
0001047
0001056
0001065
0001068
0001071
0001098
0001101
0001103
0001104
0001112
0001118
0001123
0001137
0001148
0001180
0001188
0001198
0001202
0001206
0001211
0001212
0001216
0001223
0001224
0001225
0001226
0001229
0001233
0001242
0001247
0001248
0001263
0001274
0001285
0001292
0001300
0001304
0001309
0001311
0001321
0001324
0001326
0001330
0001331
0001335
0001340
0001344
0001346
0001350
0001360
0001361
0001366
0001372
0001376
0001380
0001384
0001393
0001399
0001410
0001411
0001418
0001419
0001423
0001426
0001433
0001473
0001477
0001480
0001507
0001508
0001511
0001521
0001530
0001539
0001541
0001557
0001559
0001569
0001574
0001576
0001596
0001599
0001608
0001617
0001619
0001632
0001633
0001635
0001652
0001660
0001662
0001665
0001666
0001670
0001683
0001691
0001694
0001701
0001719
0001720
0001724
0001730
0001749
0001750
0001751
0001755
0001756
0001762
0001768
0001778
0001779
0001798
0001803
0001814
0001838
0001839
0001841
0001851
0001854
0001861
0001864
0001867
0001868
0001886
0001889
0001892
0001897
0001900
0001908
0001910
0001926
0001933
0001934
0001939
0001946
0001956
0001972
0001978
0001986
0001988
0001990
0001997
0001998
0001999
0002036
0002038
0002040
0002042
0002046
0002047
0002052
0002053
0002054
0002064
0002065
0002068
0002071
0002074
0002092
0002093
0002094
0002104
0002116
0002125
0002136
0002142
0002152
0002155
0002156
0002166
0002168
0002188
0002191
0002193
0002197
0002202
0002211
0002223
0002232
0002238
0002256
0002259
0002262
0002272
0002278
0002284
0002289
0002290
0002292
0002295
0002307
0002310
0002312
0002314
0002321
0002344
0002354
0002355
0002373
0002380
0002385
0002389
0002391
0002402
0002405
0002410
0002416
0002421
0002425
0002434
0002436
0002455
0002460
0002464
0002466
0002468
0002473
0002474
0002488
0002505
0002512
0002522
0002524
0002542
0002569
0002589
0002606
0002619
0002622
0002630
0002633
0002637
0002640
0002646
0002653
0002655
0002658
0002685
0002687
0002712
0002729
0002752
0002771
0002777
0002779
0002782
0002785
0002789
0002791
0002803
0002810
0002815
0002835
0002848
0002851
0002854
0002882
0002883
0002888
0002901
0002908
0002918
0002944
0002948
0002951
0002953
0002976
0002977
0002982
0003007
0003025
0003028
0003033
0003038
0003051
0003076
0003078
0003080
0003095
0003096
0003097
0003105
0003115
0003117
0003127
0003131
0003137
0003139
0003143
0003145
0003150
0003158
0003167
0003184
0003189
0003192
0003197
0003214
0003218
0003219
0003222
0003236
0003253
0003259
0003260
0003262
0003269
0003270
0003283
0003288
0003303
0003321
0003324
0003340
0003341
0003345
0003362
0003368
0003376
0003381
0003398
0003408
0003412
0003424
0003426
0003433
0003438
0003446
0003449
0003452
0003458
0003480
0003482
0003492
0003502
0003508
0003514
0003534
0003538
0003544
0003546
0003555
0003562
0003597
0003598
0003599
0003609
0003610
0003621
0003628
0003632
0003636
0003643
0003655
0003667
0003671
0003677
0003679
0003698
0003699
0003715
0003717
0003728
0003733
0003743
0003750
0003752
0003755
0003759
0003773
0003774
0003792
0003817
0003837
0003882
0003885
0003886
0003891
0003892
0003904
0003905
0003912
0003936
0003938
0003995
0004003
0004024
0004089
0004133
0004172
0004180
0004185
0004226
0004234
0004240
0004249
0004259
0004260
0004264
0004270
0004278
0004298
0004307
0004311
0004313
0004319
0004332
0004334
0004336
0004342
0004356
0004379
0004387
0004397
0004404
0004426
0004436
0004449
0004454
0004457
0004466
0004474
0004476
0004478
0004494
0004507
0004522
0004534
0004540
0004561
0004564
0004575
0004576
0004581
0004589
0004607
0004608
0004622
0004628
0004644
0004647
0004649
0004654
0004661
0004666
0004673
0004678
0004713
0004734
0004737
0004743
0004744
0004772
0004774
0004787
0004788
0004794
0004814
0004836
0004837
0004838
0004871
0004885
0004893
0004895
0004899
0004910
0004912
0004915
0004918
0004926
0004956
0004960
0004981
0004994
0005006
0005009
0005044
0005062
0005093
0005096
0005102
0005114
0007956
0007965
0007969
0007970
0007977
0007988
0007989
0007991
0007994
0008002
0008003
0008012
0008015
0008016
0008017
0008019
0008023
0008027
0008028
0008035
0008036
0008039
0008041
0008042
0008045
0008048
0008049
0008052
0008053
0008058
0008059
0008060
0008064
0008065
0008069
0008070
0008074
0008075
0008077
0008078
0008086
0008099
0008101
0008102
0008105
0008106
0008112
0008115
0008120
0008121
0008122
0008123
0008125
0008130
0008132
0008136
0008139
0008142
0008143
0008144
0008153
0008165
0008167
0008168
0008170
0008178
0008182
0008183
0008185
0008186
0008187
0008189
0008190
0008192
0008193
0008200
0008202
0008203
0008207
0008212
0008215
0008218
0008220
0008221
0008224
0008226
0008227
0008231
0008239
0008242
0008243
0008244
0008245
0008249
0008250
0008251
0008252
0008255
0008256
0008258
0008272
0008274
0008277
0008283
0008288
0008296
0008299
0008304
0008308
0008310
0008316
0008318
0008323
0008326
0008327
0008332
0008337
0008339
0008344
0008345
0008364
0008365
0008367
0008368
0008376
0008378
0008380
0008385
0008386
0008388
0008392
0008395
0008402
0008404
0008405
0008406
0008411
0008419
0008420
0008423
0008432
0008434
0008436
0008438
0008439
0008442
0008445
0008449
0008457
0008463
0008471
0008472
0008473
0008481
0008482
0008483
0008485
0008488
0008490
0008491
0008497
0008498
0008501
0008510
0008512
0008513
0008515
0008519
0008520
0008522
0008523
0008529
0008533
0008538
0008544
0008547
0008549
0008552
0008559
0008560
0008563
0008568
0008571
0008577
0008580
0008583
0008584
0008586
0008589
0008590
0008593
0008597
0008600
0008602
0008605
0008609
0008612
0008613
0008614
0008616
0008618
0008622
0008623
0008624
0008626
0008627
0008628
0008634
0008635
0008636
0008637
0008638
0008652
0008655
0008657
0008660
0008665
0008667
0008671
0008672
0008673
0008681
0008685
0008691
0008696
0008699
0008703
0008707
0008708
0008711
0008716
0008718
0008720
0008724
0008726
0008728
0008733
0008735
0008742
0008743
0008745
0008749
0008750
0008752
0008755
0008765
0008771
0008773
0008775
0008780
0008788
0008791
0008795
0008797
0008800
0008801
0008802
0008803
0008804
0008806
0008807
0008808
0008809
0008810
0008815
0008818
0008823
0008825
0008826
0008831
0008834
0008840
0008844
0008848
0008851
0008852
0008860
0008866
0008869
0008871
0008872
0008874
0008876
0008877
0008878
0008880
0008882
0008883
0008884
0008888
0008891
0009013
0009015
0009019
0009023
0009024
0009026
0009028
0009032
0009037
0009046
0009053
0009064
0009069
0009072
0009077
0009078
0009081
0009082
0009083
0009086
0009089
0009091
0009095
0009101
0009103
0009108
0009110
0009112
0009116
0009117
0009123
0009127
0009132
0009135
0009136
0009151
0009154
0009155
0009158
0009160
0009166
0009168
0009173
0009177
0009179
0009181
0009186
0009187
0009191
0009197
0009199
0009200
0009202
0009203
0009212
0009215
0009220
0009222
0009223
0009237
0009242
0009243
0009252
0009254
0009273
0009274
0009280
0009284
0009288
0009289
0009293
0009295
0009297
0009304
0009306
0009308
0009310
0009314
0009319
0009323
0009327
0009328
0009329
0009330
0009340
0009341
0009346
0009351
0009352
0009361
0009367
0009369
0009373
0009374
0009378
0009384
0009386
0009391
0009393
0009395
0009396
0009400
0009404
0009406
0009413
0009414
0009418
0009424
0009432
0009434
0009436
0009438
0009443
0009445
0009448
0009456
0009458
0009460
0009468
0009470
0009472
0009473
0009475
0009479
0009481
0009488
0009492
0009509
0009510
0009515
0009519
0009523
0009524
0009536
0009540
0009545
0009558
0009562
0009564
0009565
0009567
0009568
0009569
0009571
0009573
0009580
0009582
0009584
0009585
0009588
0009590
0009595
0009599
0009608
0009615
0009619
0009624
0009626
0009628
0009629
0009631
0009632
0009636
0009637
0009640
0009641
0009644
0009647
0009653
0009658
0009662
0009669
0009670
0009673
0009676
0009677
0009682
0009689
0009694
0009696
0009698
0009699
0009700
0009706
0009713
0009714
0009721
0009723
0009726
0009729
0009735
0009743
0009745
0009748
0009757
0009762
0009766
0009769
0009772
0009773
0009776
0009784
0009785
0009788
0009789
0009791
0009793
0009794
0009799
0009802
0009803
0009806
0009815
0009822
0009824
0009829
0009830
0009836
0009839
0009840
0009842
0009846
0009848
0009866
0009869
0009872
0009875
0009877
0009878
0009879
0009882
0009884
0009887
0009889
0009895
0009897
0009900
0009902
0009905
0009910
0009918
0009919
0009922
0009924
0009929
0009931
0009934
0009936
0009937
0009939
0009942
0009951
0009952
0009954
0009957
0009966
0009969
0009970
0009971
0009972
0009974
0009979
0009981
0009983
0009985
0009989
0009992
0009993
0009996
0010001
0010003
0010009
0010011
0010015
0010016
0010019
0010031
0010035
0010037
0010043
0010047
0010054
0010055
0010056
0010057
0010060
0010072
0010073
0010075
0010077
0010078
0010079
0010082
0010085
0010086
0010091
0010095
0010096
0010097
0010100
0010102
0010104
0010108
0010109
0010113
0010114
0010119
0010120
0010131
0010133
0010136
0010139
0010145
0010156
0010157
0010162
0010165
0010166
0010169
0010174
0010178
0010179
0010182
0010184
0010187
0010188
0010189
0010192
0010196
0010197
0010199
0010201
0010202
0010205
0010209
0010210
0010211
0010219
0010224
0010226
0010230
0010233
0010238
0010239
0010242
0010243
0010245
0010247
0010249
0010253
0010254
0010255
0010256
0010258
0010261
0010262
0010263
0010265
0010266
0010267
0010277
0010282
0010283
0010287
0010289
0010290
0010292
0010293
0010306
0010311
0010317
0010318
0010319
0010320
0010322
0010323
0010325
0010327
0010328
0010330
0010331
0010333
0010334
0010335
0010337
0010339
0010346
0010348
0010358
0010362
0010371
0010373
0010376
0010378
0010381
0010384
0010386
0010387
0010392
0010395
0010397
0010400
0010401
0010402
0010403
0010405
0010408
0010410
0010413
0010421
0010422
0010423
0010426
0010427
0010428
0010431
0010432
0010440
0010447
0010448
0010457
0010462
0010463
0010470
0010471
0010472
0010474
0010481
0010485
0010486
0010491
0010496
0010497
0010500
0010505
0010512
0010513
0010515
0010516
0010517
0010522
0010524
0010540
0010544
0010547
0010555
0010556
0010559
0010561
0010563
0010564
0010565
0010566
0010572
0010573
0010574
0010576
0010579
0010580
0010581
0010582
0010584
0010592
0010594
0010595
0010600
0010601
0010602
0010608
0010612
0010613
0010614
0010616
0010618
0010623
0010632
0010638
0010642
0010643
0010647
0010649
0010651
0010652
0010656
0010657
0010659
0010665
0010670
0010671
0010674
0010676
0010677
0010680
0010682
0010683
0010685
0010687
0010688
0010690
0010691
0010692
0010695
0010699
0010700
0010701
0010702
0010703
0010704
0010707
0010708
0010710
0010718
0010726
0010727
0010729
0010733
0010739
0010744
0010764
0010771
0010773
0010776
0010786
0010789
0010790
0010792
0010794
0010797
0010799
0010804
0010815
0010818
0010819
0010820
0010821
0010825
0010827
0010831
0010835
0010841
0010843
0010845
0010849
0010856
0010861
0010863
0010867
0010873
0010874
0010877
0010879
0010883
0010884
0010886
0010901
0010902
0010909
0010912
0010917
0010918
0010920
0010929
0010933
0010937
0010938
0010939
0010946
0010952
0010954
0010957
0010958
0010959
0010962
0010968
0010985
0010991
0010996
0010997
0010999
0011003
0011004
0011008
0011011
0011013
0011015
0011017
0011018
0011021
0011027
0011030
0011033
0011034
0011036
0011038
0011041
0011048
0011049
0011050
0011058
0011059
0011060
0011061
0011065
0011067
0011069
0011072
0011075
0011081
0011082
0011083
0011086
0011088
0011090
0011092
0011099
0011101
0011108
0011113
0011118
0011120
0011124
0011128
0011129
0011133
0011134
0011136
0011137
0011140
0011142
0011144
0011145
0011152
0011154
0011159
0011161
0011165
0011180
0011183
0011189
0011191
0011192
0011201
0011203
0011204
0011205
0011206
0011207
0011208
0011212
0011213
0011216
0011217
0011218
0011221
0011223
0011225
0011228
0011229
0011231
0011242
0011244
0011248
0011250
0011255
0011256
0011261
0011262
0011265
0011267
0011273
0011278
0011279
0011288
0011290
0011293
0011295
0011297
0011300
0011301
0011303
0011308
0011309
0011310
0011314
0011318
0011319
0011323
0011324
0011325
0011326
0011327
0011332
0011334
0011335
0011338
0011351
0011352
0011354
0011359
0011360
0011362
0011363
0011365
0011372
0011374
0011377
0011378
0011387
0011394
0011396
0011399
0011400
0011403
0011404
0011415
0011422
0011429
0011431
0011433
0011434
0011435
0011437
0011440
0011445
0011446
0011448
0011450
0011452
0011453
0011454
0011457
0011458
0011467
0011468
0011470
0011471
0011472
0011473
0011476
0011478
0011480
0011482
0011483
0011484
0011489
0011490
0011492
0011493
0011494
0011497
0011499
0011501
0011510
0011511
0011513
0011518
0011519
0011521
0011522
0011527
0011529
0011530
0011537
0011539
0011544
0011545
0011555
0011556
0011560
0011566
0011567
0011568
0011569
0011570
0011573
0011578
0011589
0011593
0011594
0011599
0011600
0011605
0011607
0011610
0011611
0011617
0011624
0011625
0011627
0011629
0011635
0011636
0011637
0011639
0011644
0011646
0011649
0011650
0011651
0011656
0011665
0011666
0011669
0011671
0011678
0011680
0011681
0011683
0011692
0011695
0011697
0011702
0011707
0011708
0011709
0011710
0011717
0011720
0011721
0011723
0011724
0011726
0011727
0011729
0011734
0011735
0011742
0011745
0011746
0011747
0011753
0011756
0011759
0011760
0011762
0011765
0011768
0011769
0011771
0011774
0011775
0011780
0011781
0011783
0011784
0011785
0011786
0011791
0011796
0011797
0011802
0011809
0011811
0011814
0011822
0011826
0011829
0011830
0011834
0011838
0011839
0011849
0011850
0011853
0011856
0011861
0011865
0011867
0011868
0011869
0011870
0011871
0011874
0011875
0011879
0011880
0011882
0011886
0011888
0011890
0011891
0011893
0011897
0011900
0011909
0011910
0011912
0011913
0011914
0011915
0011917
0011920
0011924
0011927
0011929
0011931
0011933
0011936
0011941
0011942
0011943
0011945
0011947
0011952
0011959
0011960
0011967
0011968
0011970
0011972
0011978
0011979
0011980
0011981
0011982
0011984
0011986
0011988
0011993
0011994
0012002
0012003
0012004
0012009
0012012
0012013
0012015
0012017
0012019
0012022
0012027
0012029
0012034
0012035
0012037
0012040
0012044
0012045
0012048
0012050
0012051
0012053
0012054
0012055
0012057
0012060
0012063
0012071
0012072
0012074
0012080
0012085
0012092
0012096
0012097
0012098
0012100
0012102
0012104
0012112
0012115
0012124
0012128
0012133
0012135
0012158
0012159
0012160
0012166
0012167
0012168
0012171
0012179
0012185
0012188
0012191
0012192
0012194
0012198
0012200
0012202
0012205
0012206
0012207
0012208
0012212
0012219
0012222
0012226
0012230
0012231
0012236
0012238
0012243
0012244
0012250
0012252
0012255
0012256
0012262
0012265
0012268
0012269
0012271
0012273
0012279
0012281
0012284
0012286
0012287
0012293
0012302
0012303
0012307
0012308
0012309
0012312
0012317
0012320
0012326
0012328
0012329
0012332
0012333
0012341
0012342
0012345
0012347
0012348
0012350
0012352
0012353
0012355
0012360
0012362
0012364
0012367
0012368
0012376
0012380
0012381
0012383
0012387
0012389
0012391
0012393
0012394
0012410
0012413
0012415
0012417
0012430
0012431
0012441
0012442
0012446
0012448
0012454
0012460
0012466
0012468
0012469
0012471
0012473
0012475
0012481
0012482
0012483
0012485
0012489
0012493
0012498
0012500
0012501
0012502
0012503
0012504
0012505
0012506
0012520
0012522
0012523
0012524
0012526
0012533
0012542
0012543
0012549
0012554
0012556
0012561
0012566
0012568
0012583
0012587
0012595
0012596
0012599
0012601
0012602
0012603
0012606
0012608
0012610
0012614
0012615
0012619
0012622
0012625
0012632
0012633
0012634
0012639
0012640
0012642
0012646
0012647
0012649
0012650
0012653
0012656
0012658
0012662
0012663
0012665
0012672
0012673
0012674
0012677
0012684
0012686
0012695
0012697
0012700
0012701
0012702
0012710
0012711
0012714
0012715
0012722
0012725
0012730
0012734
0012736
0012737
0012740
0012742
0012753
0012754
0012755
0012761
0012763
0012764
0012769
0012772
0012779
0012780
0012781
0012785
0012793
0012798
0012799
0012802
0012803
0012805
0012810
0012817
0012820
0012826
0012833
0012835
0012845
0012846
0012847
0012848
0012850
0012855
0012860
0012869
0012870
0012875
0012876
0012877
0012878
0012879
0012881
0012883
0012886
0012887
0012890
0012891
0012893
0012894
0012895
0012896
0012897
0012900
0012905
0012910
0012915
0012916
0012917
0012919
0012921
0012922
0012923
0012925
0012929
0012930
0012931
0012932
0012933
0012934
0012936
0012939
0012942
0012946
0012947
0012949
0012950
0012951
0012952
0012956
0012959
0012961
0012962
0012964
0012968
0012970
0012972
0012973
0012975
0012977
0012978
0012989
0012992
0012994
0012995
0013001
0013002
0013003
0013010
0013012
0013013
0013015
0013016
0013020
0013024
0013025
0013027
0013030
0013031
0013032
0013035
0013040
0013041
0013046
0013047
0013054
0013058
0013068
0013070
0013076
0013078
0013079
0013085
0013088
0013095
0013097
0013099
0013101
0013102
0013104
0013106
0013108
0013112
0013115
0013118
0013119
0013125
0013129
0013130
0013133
0013139
0013145
0013148
0013150
0013151
0013154
0013161
0013162
0013168
0013170
0013172
0013173
0013181
0013182
0013184
0013190
0013195
0013201
0013205
0013208
0013209
0013210
0013214
0013215
0013218
0013219
0013225
0013226
0013227
0013232
0013233
0013234
0013236
0013237
0013238
0013241
0013242
0013243
0013245
0013248
0013249
0013250
0013253
0013254
0013264
0013270
0013271
0013273
0013274
0013275
0013278
0013279
0013283
0013291
0013293
0013299
0013306
0013307
0013314
0013319
0013321
0013327
0013331
0013336
0013337
0013343
0013344
0013347
0013349
0013350
0013351
0013353
0013360
0013363
0013364
0013367
0013368
0013371
0013377
0013378
0013384
0013387
0013391
0013392
0013395
0013396
0013398
0013401
0013415
0013421
0013430
0013431
0013432
0013436
0013438
0013443
0013444
0013448
0013452
0013454
0013455
0013458
0013461
0013466
0013469
0013471
0013472
0013475
0013478
0013479
0013480
0013482
0013484
0013485
0013488
0013495
0013498
0013502
0013508
0013509
0013511
0013513
0013525
0013527
0013532
0013535
0013538
0013539
0013540
0013542
0013544
0013546
0013549
0013552
0013556
0013559
0013564
0013573
0013574
0013575
0013576
0013587
0013588
0013590
0013592
0013596
0013598
0013608
0013610
0013620
0013626
0013627
0013628
0013631
0013634
0013647
0013648
0013650
0013652
0013659
0013663
0013669
0013670
0013688
0013690
0013693
0013695
0013700
0013703
0013706
0013710
0013711
0013712
0013714
0013717
0013722
0013726
0013730
0013737
0013739
0013741
0013742
0013744
0013751
0013753
0013755
0013758
0013759
0013762
0013767
0013768
0013769
0013771
0013773
0013775
0013781
0013784
0013786
0013788
0013789
0013790
0013791
0013793
0013794
0013795
0013796
0013797
0013800
0013801
0013807
0013809
0013812
0013817
0013818
0013819
0013822
0013832
0013834
0013835
0013837
0013838
0013840
0013844
0013852
0013858
0013859
0013863
0013867
0013869
0013873
0013877
0013891
0013896
0013898
0013899
0013902
0013904
0013906
0013909
0013910
0013912
0013915
0013918
0013929
0013937
0013938
0013945
0013946
0013948
0013949
0013950
0013952
0013953
0013955
0013958
0013964
0013969
0013973
0013975
0013979
0013981
0013982
0013983
0013988
0014002
0014003
0014004
0014011
0014013
0014017
0014018
0014021
0014026
0014030
0014031
0014036
0014040
0014042
0014045
0014052
0014053
0014061
0014064
0014072
0014073
0014074
0014076
0014078
0014081
0014082
0014085
0014086
0014087
0014094
0014096
0014101
0014104
0014105
0014108
0014110
0014114
0014122
0014124
0014127
0014129
0014133
0014134
0014137
0014138
0014143
0014145
0014150
0014153
0014166
0014168
0014172
0014173
0014179
0014183
0014184
0014188
0014189
0014194
0014195
0014197
0014200
0014204
0014205
0014210
0014213
0014214
0014216
0014217
0014218
0014222
0014226
0014230
0014232
0014233
0014235
0014239
0014241
0014247
0014248
0014250
0014258
0014259
0014262
0014267
0014268
0014270
0014271
0014273
0014274
0014277
0014285
0014287
0014299
0014301
0014302
0014305
0014307
0014309
0014318
0014319
0014325
0014327
0014328
0014333
0014335
0014336
0014338
0014344
0014345
0014347
0014349
0014357
0014358
0014361
0014364
0014366
0014367
0014369
0014375
0014376
0014378
0014380
0014382
0014383
0014388
0014390
0014393
0014395
0014412
0014427
0014432
0014453
0014462
0014463
0014465
0014467
0014469
0014470
0014490
0014491
0014497
0014505
0014506
0014510
0014511
0014520
0014524
0014526
0014530
0014537
0014540
0014541
0014547
0014555
0014556
0014558
0014561
0014562
0014564
0014569
0014575
0014583
0014584
0014587
0014590
0014592
0014599
0014603
0014605
0014606
0014607
0014609
0014610
0014611
0014617
0014623
0014626
0014631
0014632
0014633
0014636
0014645
0014646
0014647
0014651
0014664
0014674
0014676
0014677
0014679
0014681
0014687
0014688
0014689
0014692
0014695
0014698
0014712
0014714
0014715
0014716
0014719
0014720
0014724
0014728
0014729
0014736
0014738
0014745
0014746
0014753
0014755
0014756
0014759
0014761
0014762
0014764
0014769
0014774
0014777
0014780
0014784
0014786
0014789
0014791
0014799
0014801
0014802
0014804
0014810
0014813
0014814
0014818
0014819
0014820
0014823
0014824
0014828
0014831
0014832
0014833
0014834
0014835
0014837
0014838
0014841
0014843
0014846
0014856
0014861
0014862
0014869
0014871
0014878
0014882
0014888
0014896
0014911
0014912
0014921
0014923
0014924
0014929
0014930
0014934
0014944
0014949
0014953
0014954
0014959
0014962
0014963
0014965
0014966
0014971
0014972
0014973
0014977
0014978
0014981
0014989
0014990
0014994
0014998
0015007
0015011
0015012
0015013
0015014
0015021
0015029
0015031
0015034
0015036
0015037
0015042
0015045
0015049
0015050
0015051
0015052
0015057
0015058
0015059
0015060
0015063
0015064
0015067
0015069
0015076
0015080
0015083
0015087
0015091
0015095
0015096
0015099
0015102
0015103
0015106
0015109
0015112
0015116
0015117
0015118
0015121
0015125
0015126
0015129
0015133
0015134
0015136
0015137
0015138
0015140
0015141
0015158
0015159
0015169
0015170
0015173
0015174
0015177
0015183
0015188
0015192
0015201
0015203
0015211
0015222
0015224
0015226
0015228
0015231
0015242
0015250
0015254
0015256
0015264
0015265
0015269
0015278
0015279
0015282
0015285
0015287
0015288
0015292
0015293
0015294
0015295
0015302
0015303
0015306
0015307
0015308
0015309
0015312
0015314
0015315
0015318
0015322
0015323
0015334
0015335
0015336
0015337
0015338
0015339
0015340
0015341
0015347
0015349
0015350
0015352
0015355
0015357
0015362
0015364
0015368
0015371
0015373
0015375
0015376
0015380
0015384
0015385
0015386
0015389
0015393
0015397
0015398
0015403
0015406
0015408
0015412
0015414
0015416
0015417
0015420
0015427
0015430
0015431
0015435
0015441
0015446
0015448
0015451
0015452
0015454
0015455
0015456
0015457
0015458
0015460
0015466
0015467
0015481
0015492
0015494
0015500
0015501
0015508
0015512
0015516
0015517
0015521
0015522
0015526
0015530
0015531
0015532
0015533
0015534
0015537
0015543
0015544
0015545
0015548
0015549
0015551
0015552
0015555
0015556
0015557
0015559
0015563
0015564
0015566
0015568
0015569
0015575
0015576
0015577
0015582
0015584
0015587
0015590
0015592
0015593
0015595
0015600
0015601
0015607
0015612
0015613
0015615
0015619
0015622
0015623
0015628
0015630
0015632
0015634
0015639
0015642
0015643
0015644
0015645
0015646
0015649
0015650
0015652
0015658
0015661
0015667
0015679
0015680
0015685
0015686
0015687
0015688
0015689
0015690
0015692
0015697
0015698
0015699
0015708
0015710
0015711
0015712
0015715
0015716
0015717
0015723
0015724
0015725
0015726
0015729
0015730
0015736
0015752
0015755
0015759
0015763
0015764
0015766
0015770
0015773
0015776
0015784
0015785
0015790
0015798
0015799
0015800
0015804
0015805
0015809
0015810
0015819
0015822
0015824
0015828
0015831
0015835
0015836
0015838
0015839
0015843
0015846
0015851
0015853
0015858
0015860
0015862
0015865
0015869
0015872
0015884
0015892
0015893
0015895
0015904
0015905
0015906
0015928
0015929
0015930
0015933
0015938
0015940
0015941
0015945
0015946
0015949
0015951
0015956
0015962
0015965
0015967
0015970
0015973
0015974
0015976
0015984
0015986
0015988
0015992
0015995
0015997
0015999
0016002
0016004
0016006
0016012
0016016
0016017
0016020
0016021
0016022
0016023
0016027
0016028
0016029
0016034
0016035
0016040
0016041
0016047
0016049
0016050
0016055
0016056
0016058
0016060
0016064
0016068
0016069
0016075
0016077
0016080
0016081
0016084
0016085
0016087
0016092
0016093
0016094
0016095
0016097
0016099
0016104
0016105
0016107
0016115
0016116
0016118
0016121
0016122
0016124
0016126
0016128
0016130
0016133
0016134
0016135
0016138
0016139
0016141
0016144
0016145
0016146
0016148
0016149
0016151
0016153
0016161
0016166
0016167
0016168
0016170
0016177
0016180
0016181
0016183
0016184
0016189
0016190
0016191
0016192
0016193
0016194
0016209
0016219
0016220
0016230
0016235
0016236
0016245
0016247
0016251
0016252
0016257
0016264
0016268
0016269
0016271
0016272
0016279
0016283
0016286
0016288
0016291
0016292
0016296
0016299
0016305
0016308
0016320
0016321
0016324
0016327
0016329
0016331
0016332
0016334
0016336
0016337
0016338
0016339
0016340
0016343
0016348
0016352
0016353
0016356
0016357
0016361
0016362
0016365
0016366
0016367
0016368
0016369
0016377
0016378
0016379
0016381
0016388
0016395
0016400
0016401
0016403
0016405
0016408
0016410
0016414
0016417
0016422
0016426
0016430
0016434
0016443
0016445
0016453
0016455
0016457
0016467
0016469
0016470
0016471
0016478
0016481
0016483
0016486
0016487
0016489
0016491
0016494
0016495
0016496
0016500
0016503
0016504
0016507
0016514
0016520
0016522
0016523
0016530
0016531
0016533
0016535
0016536
0016540
0016541
0016542
0016543
0016545
0016547
0016549
0016553
0016554
0016556
0016558
0016559
0016562
0016565
0016568
0016570
0016571
0016583
0016584
0016588
0016589
0016593
0016604
0016625
0016629
0016631
0016635
0016637
0016638
0016639
0016640
0016641
0016642
0016645
0016646
0016649
0016650
0016652
0016653
0016654
0016656
0016662
0016665
0016667
0016668
0016670
0016675
0016681
0016682
0016685
0016691
0016694
0016700
0016703
0016704
0016708
0016710
0016711
0016712
0016716
0016718
0016721
0016722
0016724
0016735
0016738
0016739
0016740
0016746
0016747
0016748
0016753
0016755
0016757
0016761
0016768
0016776
0016778
0016781
0016787
0016789
0016795
0016802
0016804
0016810
0016814
0016816
0016818
0016822
0016823
0016825
0016827
0016833
0016838
0016845
0016846
0016847
0016849
0016850
0016853
0016858
0016859
0016862
0016864
0016865
0016866
0016872
0016874
0016875
0016876
0016879
0016880
0016881
0016885
0016887
0016892
0016894
0016895
0016896
0016897
0016900
0016902
0016905
0016907
0016912
0016923
0016926
0016927
0016930
0016934
0016940
0016941
0016942
0016944
0016947
0016949
0016954
0016955
0016956
0016957
0016959
0016961
0016963
0016965
0016966
0016967
0016973
0016975
0016977
0016978
0016981
0016982
0016990
0016993
0016996
0016997
0016998
0017001
0017006
0017008
0017009
0017014
0017016
0017020
0017021
0017025
0017026
0017030
0017031
0017032
0017035
0017036
0017040
0017042
0017048
0017050
0017052
0017059
0017061
0017065
0017070
0017071
0017072
0017075
0017078
0017080
0017081
0017083
0017084
0017087
0017088
0017094
0017096
0017097
0017102
0017104
0017105
0017107
0017115
0017116
0017122
0017124
0017133
0017138
0017140
0017142
0017144
0017149
0017150
0017151
0017152
0017154
0017159
0017162
0017163
0017173
0017179
0017180
0017186
0017189
0017196
0017208
0017212
0017221
0017224
0017226
0017233
0017243
0017244
0017245
0017248
0017250
0017251
0017254
0017256
0017257
0017258
0017263
0017269
0017277
0017283
0017285
0017287
0017288
0017291
0017297
0017298
0017301
0017304
0017306
0017307
0017310
0017311
0017313
0017317
0017318
0017319
0017320
0017325
0017327
0017329
0017331
0017335
0017338
0017345
0017348
0017349
0017351
0017354
0017356
0017360
0017362
0017364
0017365
0017373
0017376
0017377
0017383
0017391
0017392
0017397
0017399
0017401
0017403
0017406
0017409
0017410
0017414
0017415
0017421
0017426
0017431
0017432
0017434
0017436
0017437
0017439
0017440
0017442
0017444
0017445
0017449
0017451
0017454
0017457
0017458
0017462
0017463
0017467
0017480
0017482
0017487
0017493
0017495
0017516
0017519
0017526
0017540
0017556
0017569
0017572
0017588
0017602
0017609
0017612
0017613
0017616
0017624
0017637
0017645
0017663
0017667
0017669
0017680
0017684
0017691
0017696
0017707
0017714
0017736
0017749
0017756
0017766
0017786
0017790
0017796
0017799
0017810
0017813
0017826
0017834
0017851
0017859
0017879
0017897
0017911
0017916
0017932
0017935
0017944
0017948
0017963
0017971
0017974
0017982
0017984
0017990
0018002
0018010
0018013
0018023
0018025
0018035
0018037
0018042
0018046
0018056
0018059
0018061
0018071
0018076
0018078
0018085
0018086
0018091
0018095
0018102
0018110
0018111
0018112
0018130
0018142
0018143
0018166
0018175
0018189
0018208
0018235
0018242
0018243
0018250
0018253
0018257
0018279
0018289
0018293
0018294
0018295
0018299
0018302
0018305
0018313
0018322
0018326
0018329
0018346
0018347
0018351
0018358
0018368
0018377
0018385
0018406
0018413
0018416
0018422
0018437
0018446
0018448
0018449
0018451
0018453
0018485
0018510
0018521
0018529
0018532
0018536
0018542
0018574
0018584
0018589
0018590
0018601
0018606
0018610
0018618
0018619
0018647
0018648
0018652
0018658
0018660
0018664
0018678
0018679
0018684
0018685
0018687
0018695
0018698
0018699
0018701
0018708
0018713
0018714
0018729
0018750
0018765
0018767
0018776
0018783
0018790
0018800
0018803
0018809
0018822
0018834
0018853
0018854
0018858
0018866
0018883
0018891
0018898
0018899
0018900
0018919
0018929
0018939
0018940
0018942
0018976
0018996
0019003
0019016
0019017
0019023
0019026
0019027
0019032
0019033
0019041
0019071
0019080
0019081
0019090
0019101
0019118
0019137
0019148
0019152